,Unnamed: 0,REFCODE,Formula,SymMol,Cryst_spgr,Spgr_N,C_x,C_y,C_z,Mol_R,Mol_V,Cell_a,CCDC_ID
0,0,HEWMOL,C12 H24 O6 Tl1,3,F 2 3,196,0.624722,0.375279,0.624722,4.54241,392.586,20.789,348146
1,1,HEWMOL,Cl4 Mn1,-4 3 m,F 2 3,196,0.25,0.75,0.75,2.33329,53.2088,20.789,348146
2,2,HEWMOL,Cl4 Tl1,-4 3 m,F 2 3,196,0.75,0.75,0.75,2.40171,58.0278,20.789,348146
3,3,HEWMOL,Cl4 Tl1,-4 3 m,F 2 3,196,1.0,1.0,1.0,2.40891,58.5513,20.789,348146
4,4,HOVQAK,C12 H24 O6,3,F 2 3,196,0.626593,0.126593,0.126593,4.56663,398.9,21.264,366381
5,5,HOVQAK,I4 Tl1,-4 3 m,F 2 3,196,0.0,0.0,0.0,2.76633,88.6719,21.264,366381
6,6,HOVQAK,I4 Tl1,-4 3 m,F 2 3,196,0.25,0.25,0.25,2.74865,86.9827,21.264,366381
7,7,JUKXES,C12 O6 Tl1,3 m,F 2 3,196,0.623581,0.376419,0.623581,3.68336,209.318,20.897,452961
8,8,JUKXES,Br4 Cu1,-4 3 m,F 2 3,196,0.25,0.75,0.75,2.31284,51.8218,20.897,452961
9,9,JUKXES,Br4 Tl1,-4 3 m,F 2 3,196,0.75,0.75,0.75,2.55172,69.5948,20.897,452961
10,10,JUKXES,Br4 Tl1,-4 3 m,F 2 3,196,1.0,1.0,1.0,2.53725,68.4169,20.897,452961
11,11,JUKXES01,C12 H24 O6 Tl1,3,F 2 3,196,0.375159,0.624841,0.375158,4.52427,387.901,20.674,452962
12,12,JUKXES01,Br4 Cu1,-4 3 m,F 2 3,196,0.75,0.25,0.25,2.32755,52.8167,20.674,452962
13,13,JUKXES01,Br4 Tl1,-4 3 m,F 2 3,196,0.25,0.25,0.25,2.55672,70.0045,20.674,452962
14,14,JUKXES01,Br4 Tl1,-4 3 m,F 2 3,196,0.0,0.0,0.0,2.54598,69.1258,20.674,452962
15,15,BEQCAE,Au4 C72 Co2 H84 N4 O8 P4 S4,2,F 2 3,196,0.0,0.0,0.247292,8.38497,2469.34,37.6708,62750
16,16,BEQBEH,Au4 C72 Co2 H84 N4 O8 P4 S4,2,F 2 3,196,0.0,0.0,0.24742,8.43679,2515.4,37.8997,62734
17,17,BEQCAE,F6 Si1,m -3 m,F 2 3,196,0.0,0.0,0.5,1.70272,20.6779,37.6708,62750
18,18,BEQCAE,F6 Si1,m m m,F 2 3,196,0.25,0.133043,0.25,1.70432,20.7363,37.6708,62750
19,19,KUSLUH,C4 O1,2,F 2 3,196,0.25,-0.25,0.04734,1.36656,10.6896,32.664,498650
20,20,KUSLUH,C72 Cd8 Cl4 Se13,2 3,F 2 3,196,0.0,0.0,0.0,8.00399,2147.81,32.664,498650
21,21,NISWER,B4 C72 H88 N24 Tl4,2 3,F 2 3,196,0.5,0.5,0.5,7.51093,1774.83,20.5104,620881
22,22,CAXFIT,C48 H48 N12,2 3,F 2 3,196,0.25,0.25,0.25,7.58784,1829.91,24.586,104347
23,23,KUSLUH,C180 Cd17 P4 Se28,2 3,F 2 3,196,0.5,0.0,0.0,11.0678,5678.84,32.664,498650
24,24,NULTUJ,Br4 C48 H96 K4 Mn1 O24,2 3,F 2 3,196,0.25,0.75,0.25,6.84693,1344.51,20.986,636120
25,25,NULTUJ,Br4 Tl1,-4 3 m,F 2 3,196,0.25,0.25,0.25,2.55496,69.8598,20.986,636120
26,26,NULTUJ,Br4 Tl1,-4 3 m,F 2 3,196,0.0,0.0,0.0,2.54951,69.4135,20.986,636120
27,27,CAXFIT,C78 H108 N12,2 3,F 2 3,196,0.5,0.5,0.5,9.95836,4136.56,24.586,104347
28,28,NULVAR,Br4 C48 H96 K4 O24 Zn1,2 3,F 2 3,196,0.25,0.75,0.25,6.84113,1341.09,20.9682,636122
29,29,NULVAR,Br4 Tl1,-4 3 m,F 2 3,196,0.25,0.25,0.25,2.55606,69.9502,20.9682,636122
30,30,NULVAR,Br4 Tl1,-4 3 m,F 2 3,196,0.0,0.0,0.0,2.55679,70.0098,20.9682,636122
31,31,QITDUS,C60 H96 N12 Ni6 O24 Sm1,2 3,F 2 3,196,0.0,0.0,0.0,7.59939,1838.28,21.61,752414
32,32,QITDUS,C4 N1,-4 3 m,F 2 3,196,0.25,0.25,0.25,1.46724,13.2306,21.61,752414
33,33,QITDUS,F6 P1,m -3 m,F 2 3,196,0.375643,0.375643,0.375357,1.56733,16.1272,21.61,752414
34,34,QITDIG,C60 H96 N12 Ni6 O24 Sm1,2 3,F 2 3,196,0.0,0.0,0.0,7.5779,1822.73,21.278,752406
35,35,QITDIG,C4 N1,-4 3 m,F 2 3,196,0.25,0.25,0.25,1.47173,13.3523,21.278,752406
36,36,QITDIG,Cl1 O4,3 m,F 2 3,196,0.37636,0.37636,0.37636,1.28872,8.96511,21.278,752406
37,37,QITFAA,C60 H96 N12 Ni6 O24 Sm1,2 3,F 2 3,196,0.0,0.0,0.0,7.69983,1912.14,21.389,752417
38,38,QITFAA,C4 N1,-4 3 m,F 2 3,196,0.5,0.5,0.5,1.51522,14.5713,21.389,752417
39,39,QITFAA,N1 O3,-6 m 2,F 2 3,196,0.392,0.392,0.392,1.17573,6.80767,21.389,752417
40,40,JUMHUU,C48 Cl4 Cu1 H96 O24 Tl4,2 3,F 2 3,196,0.75,0.25,0.75,6.7417,1283.47,20.728,453432
41,41,JUMHUU,Cl4 Tl1,-4 3 m,F 2 3,196,0.75,0.75,0.75,2.39825,57.7776,20.728,453432
42,42,JUMHUU,Cl4 Tl1,-4 3 m,F 2 3,196,1.0,1.0,1.0,2.38748,57.0026,20.728,453432
43,43,RALXUY,C60 Gd1 H96 N12 Ni6 O24,2 3,F 2 3,196,0.0,0.0,0.0,7.64576,1872.14,21.275,778352
44,44,RALXUY,C4 N1,-4 3 m,F 2 3,196,0.25,0.25,0.25,1.65331,18.9296,21.275,778352
45,45,RALXUY,Cl1 O4,3 m,F 2 3,196,0.37728,0.37728,0.37728,1.37916,10.988,21.275,778352
46,46,RUHJEK,Ba1 C60 Co6 H96 N12 O24,2 3,F 2 3,196,0.0,0.0,0.0,7.66269,1884.6,21.3922,810641
47,47,RUHJEK,Cl1 O4,-4 3 m,F 2 3,196,-0.25,-0.25,-0.25,1.42652,12.1592,21.3922,810641
48,48,RUHJEK,Cl1 O4,3 m,F 2 3,196,0.38028,0.38028,0.38028,1.57166,16.2612,21.3922,810641
49,49,RALYAF,C60 H96 La1 N12 Ni6 O24,2 3,F 2 3,196,0.0,0.0,0.0,7.59881,1837.86,21.305,778355
50,50,RALYAF,C4 N1,-4 3 m,F 2 3,196,0.25,0.25,0.25,1.36535,10.6612,21.305,778355
51,51,RALYAF,Cl1 O4,3 m,F 2 3,196,0.37864,0.37864,0.37864,1.34483,10.1878,21.305,778355
52,52,TIRTEV,Au4 C72 Co2 H84 N4 O8 P4 S4,2,F 2 3,196,0.25,0.497168,0.25,8.45182,2528.87,38.1102,889422
53,53,RUHJIO,C60 Co6 H96 La1 N12 O24,2 3,F 2 3,196,0.0,0.0,0.0,7.65818,1881.28,21.3387,810645
54,54,RUHJIO,Cl1 O4,-4 3 m,F 2 3,196,-0.25,-0.25,-0.25,1.41925,11.9744,21.3387,810645
55,55,RUHJIO,Cl1 O4,3 m,F 2 3,196,0.37818,0.37818,0.37818,1.4443,12.6197,21.3387,810645
56,56,RUHJOU,Ba1 C60 Co6 H96 N12 O24,2 3,F 2 3,196,0.0,0.0,0.0,7.7726,1966.86,21.6884,810649
57,57,RUHJOU,C4 N1,-4 3 m,F 2 3,196,0.5,0.5,0.5,1.49135,13.8935,21.6884,810649
58,58,RUHJOU,C4 N1,-4 3 m,F 2 3,196,0.25,0.25,0.25,1.37489,10.8864,21.6884,810649
59,59,RUHJOU,Cl1 O4,3 m,F 2 3,196,0.383,0.383,0.383,1.25338,8.2476,21.6884,810649
60,60,RUHJUA,C60 Co6 H96 La1 N12 O24,2 3,F 2 3,196,0.0,0.0,0.0,7.69312,1907.14,21.588,810652
61,61,RUHJUA,C4 N1,-4 3 m,F 2 3,196,0.25,0.25,0.25,1.40966,11.7333,21.588,810652
62,62,RUHJUA,Cl1 O4,-4 3 m,F 2 3,196,0.37508,0.37508,0.37508,1.4478,12.7116,21.588,810652
63,0,DABDEQ,B12 H12,1,F 41 3 2,210,0.5,0.5,0.5,2.79457,91.4162,16.4321,148098
64,1,DABDEQ,H2 O1,m m 2,F 41 3 2,210,0.125,0.0286733,0.221327,0.620227,0.999371,16.4321,148098
65,2,DABDEQ,H12 Mg1 O6,2 3,F 41 3 2,210,0.0,0.0,0.0,2.89378,101.502,16.4321,148098
66,0,ISIDET,B1 C12 H16 N4 S8,-4,F -4 3 c,219,0.5,0.5,0.75,4.6886,431.722,30.0302,409718
67,1,ISIDET,B1 C12 H16 N4 S8,-4,F -4 3 c,219,0.75,0.75,1.0,4.67779,428.743,30.0302,409718
68,2,KTMSIO01,C3 H9 O1 Si1,3,F -4 3 c,219,0.604482,0.604482,0.604482,2.38177,56.5948,17.573,492885
69,3,KEMLOD01,C16 Co4 O16 Sn1,2 3,F -4 3 c,219,0.0,0.0,0.0,5.61866,742.977,17.301,471311
70,4,KEMLOD,C16 Co4 O16 Sn1,2 3,F -4 3 c,219,0.0,0.0,0.0,5.56786,723.005,17.255,471310
71,5,XIFDAR01,C12 F4 Ga4 H36 K4,2 3,F -4 3 c,219,0.5,0.5,0.5,5.82473,827.76,17.76,1056651
72,6,KTMSIO02,C12 H36 K4 O4 Si4,2 3,F -4 3 c,219,0.75,0.75,0.75,5.80808,820.681,17.6225,492886
73,7,ZAXSIE,Br4 Si1,-4 3 m,F -4 3 c,219,0.5,0.5,1.0,2.14275,41.2087,17.5378,1177411
74,8,ZAXSIE,Cl12 Si5,2 3,F -4 3 c,219,0.75,0.75,0.75,3.59128,194.009,17.5378,1177411
75,9,ZETFUZ,C72 Cd8 Cl4 S13,2 3,F -4 3 c,219,0.0,0.0,0.0,7.71867,1926.21,27.597,1136419
76,10,ZETFUZ,Cd1 O6,m -3 m,F -4 3 c,219,0.25,0.25,0.25,2.19948,44.5694,27.597,1136419
77,11,VAGCUE,C72 Cd1 H96 N8 O8 Se4,-4,F -4 3 c,219,0.0,0.0,0.25,8.19925,2308.87,39.4115,951534
78,12,VAGCUE,Cl1 O4,3 m,F -4 3 c,219,0.122298,0.122298,0.122298,1.20167,7.26828,39.4115,951534
79,13,VAGCUE,Cl1 O4,-4 3 m,F -4 3 c,219,0.5,0.0,0.0,1.35365,10.3895,39.4115,951534
80,14,KEHVEA,C84 H48 Ni8 O112 P16 U12,2 3,F -4 3 c,219,0.5,0.5,0.0,11.5185,6401.21,36.38,469658
81,0,BOWYUJ,C4 H12 P1,-4 3 m,F -4 3 m,216,0.25,0.75,0.25,2.32876,52.8994,11.133,83931
82,1,BOWYUJ,Br4 Fe1,-4 3 m,F -4 3 m,216,0.25,0.25,0.25,2.33593,53.3896,11.133,83931
83,2,PIZFAF,C6 H12 N4,-4 3 m,F -4 3 m,216,0.25,0.25,0.25,2.42272,59.5644,13.571,709576
84,3,PIZFAF,Br4 C10 H12,-4 3 m,F -4 3 m,216,0.0,0.0,0.0,3.47884,176.351,13.571,709576
85,4,PIZFAF,Br4 C1,-4 3 m,F -4 3 m,216,0.5,0.5,0.5,1.90866,29.1247,13.571,709576
86,0,LAZFIC,C12 H24 O6,-3 m,F d -3,203,0.5,0.0,0.0,4.53034,389.464,21.379,511104
87,1,LAZFIC,I4 Tl1,-4 3 m,F d -3,203,0.125,0.125,0.125,2.76092,88.1531,21.379,511104
88,2,WUXSUF,C1 O3,-6 m 2,F d -3,203,0.0320625,0.717938,0.532062,1.28793,8.94851,13.9959,1035933
89,3,LIXGIJ,C36 Cl16 Fe8 H24 N24 O4,2 3,F d -3,203,0.125,0.625,0.625,7.26917,1608.91,25.934,528666
90,4,PIHCUG,B4 C60 H88 N24 S4 Y4,2 3,F d -3,203,0.625,0.625,1.125,8.64333,2704.7,24.966,703788
91,5,HISMUT,C112 H72 N12 O24 Zn10,2 3,F d -3,203,0.125,1.125,0.125,8.62234,2685.04,31.605,356209
92,0,FIMCOT,C4 F12 Ge4 S6,-4 3 m,F d 3 m,227,0.125,0.125,0.125,4.72662,442.312,15.826,264782
93,1,ZNOXAC01,C12 O13 Zn4,-4 3 m,F d 3 m,227,0.125,0.125,0.125,5.09282,553.288,16.402,1144930
94,2,FIMCUZ,C4 F12 Ge4 Se6,-4 3 m,F d 3 m,227,0.125,0.125,0.125,4.82289,469.892,16.056,264789
95,3,BIZGOH,C24 Cu1 H48 N12 P4,-4 3 m,F d -3 m,227,0.125,0.125,0.125,6.23231,1013.97,19.795,75299
96,4,BIZGOH,H2 O1,m m 2,F d -3 m,227,0.375,0.139667,0.375,0.661954,1.21495,19.795,75299
97,0,ZIDYET04,Cl1 O4,-4 3 m,F m -3 c,226,0.5,0.5,0.25,1.40581,11.6373,14.5212,1139140
98,1,SECJUI,B12 F12,1,F m -3 c,226,0.5,0.5,0.5,3.08397,122.859,14.4176,827998
99,0,ZIDYET04,Cl1 O4,-4 3 m,F m -3 c,226,0.5,0.5,0.25,1.40581,11.6373,14.5212,1139140
100,1,SECJUI,B12 F12,1,F m -3 c,226,0.5,0.5,0.5,3.08397,122.859,14.4176,827998
101,0,DOPSIK,C20,1,F m -3,202,0.0,0.0,0.0,2.1589,42.1478,10.61,182728
102,1,FUYZOO01,B12 H12,1,F m -3,202,0.0,0.0,0.0,2.77077,89.0996,10.629,287406
103,2,JINVAE,B12 H12,1,F m -3,202,0.0,0.0,0.0,2.84547,96.5028,10.8781,439284
104,3,GALGUV01,B12 H12,1,F m -3,202,0.0,0.0,0.0,2.72219,84.4952,10.8674,292196
105,4,POPMIT,C8 Cu1 H14 Mo6 O24,m m m,F m -3,202,0.0,0.25,0.25,4.61832,412.599,28.7381,715290
106,5,POPMUF,C8 H14 Mo6 Ni1 O24,-3 m,F m -3,202,0.25,0.0,0.25,4.56761,399.156,28.8174,715300
107,6,DOPSIK01,C20 H20,1,F m -3,202,-1e-05,-5e-06,5e-06,3.19239,136.278,10.6444,182729
108,0,GIGROD,B6 H6,m -3 m,F m 3 m,225,0.0,0.0,0.0,2.32883,52.9044,9.564,308090
109,1,GIGRIX,B6 H6,m -3 m,F m 3 m,225,0.0,0.0,0.0,2.27339,49.2151,8.839,308087
110,2,GOLSIM01,C4 H12 N1,-4 3 m,F m -3 m,225,0.25,0.25,0.25,2.00277,33.6487,12.992,319378
111,3,KIBCOQ,I6 Te1,m -3 m,F m -3 m,225,0.0,0.0,0.0,2.94076,106.525,12.307,476553
112,4,CAQQUG,Mo6 O19,m -3 m,F m 3 m,225,0.0,0.5,0.5,3.95656,259.435,13.8148,101686
113,5,GOLSIM01,Cl6 Zr1,m -3 m,F m -3 m,225,0.5,0.0,0.0,2.45107,61.6799,12.992,319378
114,6,MATEBR01,Br6 Te1,m -3 m,F m -3 m,225,0.5,0.0,0.0,2.71212,83.5609,11.445,553959
115,7,MATEHI01,I6 Te1,m -3 m,F m -3 m,225,0.0,0.0,0.0,2.94828,107.345,12.0,553965
116,8,GOLSUY,C4 H12 N1,-4 3 m,F m -3 m,225,0.25,0.25,0.25,1.94935,31.0275,12.9926,319387
117,9,MIPYOB,I6 Sn1,m -3 m,F m -3 m,225,0.0,0.0,0.0,2.85295,97.2652,11.6276,570761
118,10,CAQQUG,C4 H12 N1,-4 3 m,F m 3 m,225,0.25,0.75,0.25,2.00306,33.6634,13.8148,101686
119,11,GOLSUY,Cl6 Hf1,m -3 m,F m -3 m,225,0.0,0.0,0.0,2.44261,61.0432,12.9926,319387
120,12,MACSNA05,C4 H12 N1,-4 3 m,F m -3 m,225,0.25,0.25,0.25,1.97644,32.339,12.9777,547360
121,13,PEFBUY,Cl14 Mo6,m -3 m,F m -3 m,225,0.5,0.0,0.0,4.24946,321.422,18.38,692454
122,14,MACSNA05,Cl6 Sn1,m -3 m,F m -3 m,225,0.0,0.0,0.0,2.41502,58.9981,12.9777,547360
123,15,OMOHIH,Cl18 Ta6,m -3 m,F m -3 m,225,0.5,0.0,0.5,4.60579,409.248,18.1781,662642
124,16,PEFBUY,C1 H6 N3,-6 m 2,F m -3 m,225,0.16028,0.16028,0.16028,1.89052,28.3019,18.38,692454
125,17,QINBAT,H4 N1,-4 3 m,F m -3 m,225,0.75,0.75,0.75,0.85563,2.62382,9.76281,750712
126,18,PESPIO01,C4 H12 N1,-4 3 m,F m -3 m,225,0.25,0.25,0.25,2.02817,34.9452,11.669,697722
127,19,OMOHIH,C4 N1,-4 3 m,F m -3 m,225,0.63264,0.13264,0.86736,1.41016,11.7458,18.1781,662642
128,20,QALVAE,B6 H6,m -3 m,F m -3 m,225,0.5,0.5,0.5,2.42867,60.0039,9.10295,734176
129,21,QALVAE,H4 N1,-4 3 m,F m -3 m,225,0.25,0.25,0.25,1.01853,4.4259,9.10295,734176
130,22,PESPIO01,F6 Zr1,m -3 m,F m -3 m,225,0.5,0.0,0.0,1.97439,32.2387,11.669,697722
131,23,QINBAT,Cl6 Ru1,m -3 m,F m -3 m,225,0.5,0.5,0.5,2.32658,52.7506,9.76281,750712
132,24,TMAMPC,C4 N1,-4 3 m,F m 3 m,225,0.25,0.25,0.25,1.48494,13.7151,12.72,892748
133,25,TMAMPC,Cl6 Pt1,m -3 m,F m 3 m,225,0.0,0.0,0.0,2.29342,50.5271,12.72,892748
134,26,SAJHES07,C4 H12 N1,-4 3 m,F m -3 m,225,0.25,0.25,0.25,2.02502,34.7829,11.4895,820398
135,27,SAJHES08,C4 H12 N1,-4 3 m,F m -3 m,225,0.25,0.25,0.25,2.02367,34.7132,11.5092,820399
136,28,SAJHES07,F6 Ti1,m -3 m,F m -3 m,225,0.0,0.0,0.0,1.82913,25.6335,11.4895,820398
137,29,SAJHES09,C4 H12 N1,-4 3 m,F m -3 m,225,0.25,0.25,0.25,2.02519,34.7914,11.527,820400
138,30,SAJHES08,F6 Ti1,m -3 m,F m -3 m,225,0.0,0.0,0.0,1.82996,25.6686,11.5092,820399
139,31,SAJHES09,F6 Ti1,m -3 m,F m -3 m,225,0.0,0.0,0.0,1.83164,25.7393,11.527,820400
140,32,XINNIU,H4 N1,-4 3 m,F m -3 m,225,0.25,0.25,0.25,0.855645,2.62396,8.373,1059848
141,33,TMAMPC05,C4 H12 N1,-4 3 m,F m -3 m,225,0.25,0.25,0.25,2.01814,34.4294,12.8278,892753
142,34,TMAMPC05,Cl6 Pt1,m -3 m,F m -3 m,225,0.5,0.0,0.0,2.30387,51.2214,12.8278,892753
143,35,XINNIU,F6 Si1,m -3 m,F m -3 m,225,0.0,0.0,0.0,1.68716,20.1161,8.373,1059848
144,36,ZZZWNI04,C4 N1,-4 3 m,F m -3 m,225,0.75,0.75,0.75,1.36138,10.5684,12.864,1161870
145,37,ZZZWNI04,Cl6 Pu1,m -3 m,F m -3 m,225,1.0,1.0,0.0,2.56637,70.7999,12.864,1161870
146,38,TOFZUM,C4 H12 N1,-4 3 m,F m -3 m,225,0.25,0.25,0.25,1.93139,30.1776,13.1272,894665
147,39,TOGBEZ,C4 H12 N1,-4 3 m,F m -3 m,225,0.25,0.25,0.25,1.93196,30.2044,13.1147,894670
148,40,TOFZUM,Cl6 U1,m -3 m,F m -3 m,225,0.0,0.0,0.0,2.61494,74.8963,13.1272,894665
149,41,TOGBEZ,Cl6 Np1,m -3 m,F m -3 m,225,0.0,0.0,0.0,2.59474,73.1744,13.1147,894670
150,42,ZZZWNI01,C4 H12 N1,-4 3 m,F m -3 m,225,0.25,0.25,0.25,1.95751,31.4186,13.0879,1161867
151,43,ZZZWNI01,Cl6 Pu1,m -3 m,F m -3 m,225,0.0,0.0,0.0,2.57701,71.6841,13.0879,1161867
152,0,ESOTAI,Au1 C2 F3 O1,3 m,I 21 3,199,0.852283,0.352283,0.147717,3.74317,219.682,9.6817,227730
153,1,HEDGAY,C4 H9 I3 P1,3,I 21 3,199,0.201384,0.298616,0.701384,3.37524,161.061,13.613,342936
154,2,POPPOA,C14 H30 N2,2,I 21 3,199,0.25,0.404172,0.0,5.67985,767.516,17.9117,715334
155,3,YOBDIF,C24 Cl1 H39 N6 Ni1 P1,3,I 21 3,199,0.715379,0.715379,0.715379,6.14222,970.626,18.6158,1108685
156,4,YOBDIF,C1 F3 O3 S1,3,I 21 3,199,0.503434,0.496566,0.996566,1.91433,29.3852,18.6158,1108685
157,5,CIYJUQ,C36 Fe7 H72 N6 O18,-3,I 21 3,199,0.250018,0.249982,0.750018,7.00341,1438.81,22.1382,125120
158,6,CIYJUQ,Cl1 O4,-4 3 m,I 21 3,199,0.09162,0.40838,0.59162,1.43712,12.4325,22.1382,125120
159,7,CIYJUQ,Cl1 O4,-4 3 m,I 21 3,199,0.093824,0.093824,1.09382,1.42981,12.2437,22.1382,125120
160,0,AFUVAZ,C26 H29 N3 O3,1,I 2 3,197,0.434508,0.213738,0.142593,7.17915,1549.87,25.4211,10388
161,1,AHIWUM,C48 H55 O40,1,I 2 3,197,0.321672,0.18878,0.504031,8.39383,2477.17,41.7665,13976
162,2,BABFIU,Br3 C18 H48 P6 Se4 W3,3,I 2 3,197,0.748362,0.251638,0.251638,6.01962,913.656,21.0599,46936
163,3,FAZLUO,C6 H6,6/m m m,I 2 3,197,0.5,1.0,1.11978,2.34438,53.971,26.0844,251003
164,4,BABFIU,F6 P1,4/m m m,I 2 3,197,0.5,0.5,0.347143,1.6186,17.7622,21.0599,46936
165,5,BABFIU,F6 P1,4/m m m,I 2 3,197,0.5,0.0,0.0,1.61529,17.6535,21.0599,46936
166,6,FOGRUO,C12 H36 Mo1 N6,2 3,I 2 3,197,-0.5,-0.5,-0.5,3.81442,232.467,9.701,272233
167,7,GEQCOU,C36 H30 N1 P2,3 2,I 2 3,197,0.250177,0.250177,0.250177,6.25021,1022.73,21.836,302681
168,8,FAZLUO,C63 H90 N9 O6 Rh3,3,I 2 3,197,0.251838,0.748162,1.25184,8.57382,2639.97,26.0844,251003
169,9,FAZLUO,C6 H6,6/m m m,I 2 3,197,0.497514,0.892358,1.27548,2.32996,52.9811,26.0844,251003
170,10,GEXSAF,C18 F3 H12 P1 Se1,3,I 2 3,197,0.205027,0.205027,0.794973,5.56638,722.427,16.3328,305324
171,11,GEXSAF,Bi1 Br3,3 m,I 2 3,197,0.152112,0.152112,1.15211,2.2641,48.6144,16.3328,305324
172,12,GEXSEJ,C18 F3 H12 P1 Se1,3,I 2 3,197,0.794104,0.794104,0.794104,5.55507,718.033,16.1403,305327
173,13,GEXSEJ,Bi1 Cl3,3 m,I 2 3,197,0.848223,0.848223,1.15178,2.13886,40.985,16.1403,305327
174,14,GEQCOU,C32 F2 H16 N8 Re1,2 2 2,I 2 3,197,0.0,0.5,0.5,7.47868,1752.07,21.836,302681
175,15,HMGETP,C12 Ge6 P4,-4 3 m,I 2 3,197,0.0,0.0,0.0,4.07333,283.09,10.901,359125
176,16,AHIWUM,O40 P1 W12,-4 3 m,I 2 3,197,0.237288,0.255893,0.502098,5.24382,603.976,41.7665,13976
177,17,AHIWUM,Co1 O6,3 2,I 2 3,197,0.255024,0.255024,0.255024,2.11608,39.689,41.7665,13976
178,18,ICUCAK,Al3 C63 Cl6 H75 O9,3,I 2 3,197,0.19834,0.19834,0.19834,8.88716,2940.12,25.1228,382550
179,19,ICUCAK,C4 H8 O1,m m 2,I 2 3,197,0.222165,0.0186269,0.323858,2.08713,38.0825,25.1228,382550
180,20,KEFDOQ,C48 H42 O13 Zn4,3,I 2 3,197,0.180096,0.180096,0.180096,9.78463,3923.82,23.034,468527
181,21,KOGXIO,C4 H8 O1,m m 2,I 2 3,197,0.215792,1.0,0.0,2.30628,51.3824,20.1191,487327
182,22,KOGXIO,C18 H33 N9 O6 S3 Sn3,3,I 2 3,197,0.197576,0.802424,0.197576,7.86416,2037.19,20.1191,487327
183,23,ALAFIE,C36 Cu4 H84 I4 Sb4,2 3,I 2 3,197,1.0,0.0,0.0,6.96335,1414.27,14.076,19250
184,24,PAVTAK,C12 H24 N3 O19 V6,3,I 2 3,197,0.29059,0.70941,0.29059,5.85379,840.209,19.168,688622
185,25,PAVTAK,H2 O1,m m 2,I 2 3,197,0.4879,0.577467,0.324033,0.966813,3.78533,19.168,688622
186,26,PAVTAK,H2 O1,m m 2,I 2 3,197,0.422533,0.675967,0.4879,0.966813,3.78533,19.168,688622
187,27,PAVTAK,H2 O1,m m 2,I 2 3,197,0.324033,0.5121,0.422533,0.966813,3.78533,19.168,688622
188,28,PIPNAD,C1 F3 S1,m,I 2 3,197,0.65477,0.159158,0.044102,1.74026,22.0759,13.0,706474
189,29,GUPKEJ,C24 H60 Mn4 P4 Te4,2 3,I 2 3,197,0.0,1.0,1.0,6.26806,1031.51,13.1741,328200
190,30,RALVUW,C42 Fe2 H52 N2 O10 Pd3,2,I 2 3,197,0.185318,0.0,0.5,7.96613,2117.48,25.4791,778317
191,31,OLOGIG,C92 Cl2 H92 Lu2 N8,2 2 2,I 2 3,197,0.0,0.5,0.5,9.22571,3289.09,24.629,660538
192,32,TAVGOM,C36 Cs4 F4 Ga4 H84,2 3,I 2 3,197,0.0,0.0,0.0,7.01361,1445.11,13.963,871296
193,33,TIJROV,C18 H48 Mo3 P6 S7,3,I 2 3,197,0.249044,0.750956,0.750956,5.97254,892.385,20.7247,886571
194,34,TIJROV,F6 P1,m -3 m,I 2 3,197,0.0,1.0,0.5,1.61653,17.6939,20.7247,886571
195,35,TUCFOO,C9 H18 N1 Sn1,3,I 2 3,197,0.814305,0.185695,0.814305,3.34397,156.626,13.7856,902683
196,36,TUCFOO,F6 Sb1,m -3 m,I 2 3,197,0.5,0.0,1.0,1.86743,27.2778,13.7856,902683
197,37,VUHYON,C45 H48 Ir1 N9,3,I 2 3,197,0.821589,0.821589,0.821589,6.66133,1238.11,20.745,987776
198,38,VUHYON,F6 P1,m -3 m,I 2 3,197,0.5,1.0,1.0,1.59907,17.1269,20.745,987776
199,39,VUHYON,F6 P1,m -3 m,I 2 3,197,1.0,1.0,1.0,1.57662,16.4156,20.745,987776
200,40,TAVGUS,C36 Cs4 F4 H84 In4,2 3,I 2 3,197,0.0,0.0,0.0,7.19603,1560.82,14.171,871300
201,41,OVEHAB,C96 H108 P4 Pd1,2 3,I 2 3,197,1.0,0.0,1.0,7.99068,2137.11,15.9326,672723
202,42,POSHOU01,C60,1,I 2 3,197,0.811377,0.811377,0.811377,3.55629,188.394,18.8492,716508
203,43,POSHOU01,C4 N4 S6,2 2 2,I 2 3,197,1.0,0.5,1.0,4.24258,319.864,18.8492,716508
204,0,CAFHEX,C18 Co1 H21 N10,3,I -4 3 d,220,0.111852,0.111852,0.111852,5.11709,561.235,20.4455,97493
205,1,BAKYOD,C42 H30 N12 Ni1,3,I -4 3 d,220,0.936097,0.436097,0.0639032,6.95444,1408.84,24.977,50961
206,2,BAKYOD,O4 P1,-4 3 m,I -4 3 d,220,0.5,0.25,0.125,1.52592,14.8825,24.977,50961
207,3,BAKYIX,C42 Co1 H30 N12,3,I -4 3 d,220,0.936003,0.063997,0.563997,6.99852,1435.8,25.104,50957
208,4,BAKYIX,O4 P1,-4 3 m,I -4 3 d,220,1.0,0.25,0.375,1.51303,14.5083,25.104,50957
209,5,DEWJUK02,C72 Cu4 H60 I4 P4,3,I -4 3 d,220,1.00209,0.00209395,1.00209,8.53952,2608.41,29.9834,166011
210,6,DEWJUK03,C72 Cu4 H60 I4 P4,3,I -4 3 d,220,1.00204,0.00203802,1.00204,8.55217,2620.02,29.9058,166012
211,7,DEWJUK05,C72 Cu4 H60 I4 P4,3,I -4 3 d,220,1.00194,0.00194301,1.00194,8.54924,2617.33,29.8024,166014
212,8,DEWJUK04,C72 Cu4 H60 I4 P4,3,I -4 3 d,220,1.00196,0.00195881,1.00196,8.55007,2618.09,29.8333,166013
213,9,DEWJUK06,C72 Cu4 H60 I4 P4,3,I -4 3 d,220,1.0019,0.00189596,1.0019,8.5492,2617.29,29.7569,166015
214,10,DEWJUK07,C72 Cu4 H60 I4 P4,3,I -4 3 d,220,1.00184,0.00184403,1.00184,8.5517,2619.59,29.7325,166016
215,11,DEWJUK18,C72 Cu4 H60 I4 P4,3,I -4 3 d,220,0.49811,0.50189,0.00188995,8.51846,2589.16,29.7864,166027
216,12,DEWJUK19,C72 Cu4 H60 I4 P4,3,I -4 3 d,220,0.997783,0.497783,0.00221717,8.50419,2576.17,30.0503,166028
217,13,DEWJUK21,C72 Cu4 H60 I4 P4,3,I -4 3 d,220,0.752279,0.247721,0.747721,8.56781,2634.42,29.9951,166030
218,14,DEWJUK22,C72 Cu4 H60 I4 P4,3,I -4 3 d,220,-0.502119,-0.502119,-0.502119,8.47278,2547.73,29.7722,166031
219,15,DEWJUK23,C72 Cu4 H60 I4 P4,3,I -4 3 d,220,0.502223,0.497777,0.997777,8.53988,2608.74,29.6561,166032
220,16,FINBIP,C2 H3 N3 O6,3,I -4 3 d,220,0.012435,-0.012435,0.487565,2.36489,55.4001,13.6162,265203
221,17,EPAMIS,C6 H9 O8 U1,3 m,I -4 3 d,220,0.455706,0.544294,1.04429,4.78994,460.328,17.0367,220653
222,18,FOZRER01,C30 Cl1 H39 Sn1,3,I -4 3 d,220,0.447308,0.552692,0.0526922,5.11687,561.164,22.3858,279307
223,19,GAKKEM,B1 C24 F20,-4,I -4 3 d,220,0.875,0.5,0.75,5.83686,832.94,19.213,291738
224,20,GECNUX,C40 Mo4 O16 Rh4,-4,I -4 3 d,220,0.25,0.125,0.5,6.42943,1113.25,25.285,298108
225,21,EMAHEF,C40 H60 O16 Rh4 W4,-4,I -4 3 d,220,0.125,0.0,0.75,7.24679,1594.09,25.2551,216467
226,22,DEWJUK29,C72 Cu4 H60 I4 P4,3,I -4 3 d,220,0.247784,0.747784,0.752216,8.52428,2594.47,30.1722,166038
227,23,HUMJUU,C9 H18 N4 O3,3,I -4 3 d,220,0.124122,0.624122,0.875878,5.28257,617.463,17.1677,372567
228,24,IKARUJ,C9 H18 N3 P1,3,I -4 3 d,220,0.510784,0.510784,0.510784,3.00778,113.976,15.7917,394008
229,25,ITAGOZ,C10 H30 O3 Si7,3,I -4 3 d,220,0.96666,0.96666,-0.0333403,4.68512,430.764,20.8722,411100
230,26,GUQZEZ,C36 H54 N3 O1 V1,3,I -4 3 d,220,1.02191,0.521911,0.978089,6.00643,907.664,24.0912,328899
231,27,ITAZEI,C21 Ga1 H24 N7,3,I -4 3 d,220,0.405679,0.594321,0.0943207,5.4239,668.362,20.2377,411406
232,28,JAKYUP,C24 H24 O3,3,I -4 3 d,220,0.555357,0.444643,0.944643,7.00626,1440.57,20.064,426077
233,29,JEXRIO,C4 H8 O1,2,I -4 3 d,220,0.0,0.25,0.512669,2.16375,42.4325,27.827,436157
234,30,INUWEU,B1 C25 Fe1 H43 N6,3,I -4 3 d,220,0.488648,0.511352,0.0113521,6.039,922.511,22.341,402333
235,31,JAYCUK,C33 F15 H21 Ir1 N3 S3,3,I -4 3 d,220,0.556043,0.556043,0.556043,6.39897,1097.5,23.9441,429763
236,32,KORBUO,Au3 C37 Cl3 H31 P3,3,I -4 3 d,220,-0.474181,-0.525819,-0.025819,6.41505,1105.8,24.539,490373
237,33,GIQHOF,C36 H90 O9 Si6 W3,3,I -4 3 d,220,1.00333,0.503327,0.996673,7.09541,1496.27,28.065,311464
238,34,KUSGEK,C12 H4 Mn4 O16,-4,I -4 3 d,220,0.25,0.375,0.0,4.41074,359.426,20.733,498557
239,35,KUSGEK,C2 H8 N2,2,I -4 3 d,220,0.279167,0.5,0.25,2.29016,50.3124,20.733,498557
240,36,JEXRIO,C56 H64 N12 Yb4,-4,I -4 3 d,220,0.0,0.25,0.375,8.04861,2183.93,27.827,436157
241,37,KOLGAW,C44 Cl4 Co4 H36 N8 O8,-4,I -4 3 d,220,0.0,0.25,0.375,6.89867,1375.22,23.9436,488731
242,38,KOLGAW,H2 O1,m m 2,I -4 3 d,220,0.25,0.266485,0.5,0.870158,2.75975,23.9436,488731
243,39,LEZVUH,C27 Cl1 H3 U1,3,I -4 3 d,220,0.0172928,0.0172928,0.0172928,4.07412,283.255,21.414,520542
244,40,MAHFEH,C3 Co1 H9 N12 O3,3,I -4 3 d,220,0.597012,0.402988,0.902988,4.57644,401.477,16.6214,548847
245,41,MAWSEJ,C12 Cl2 H20 N4 Ni1 O4,-4,I -4 3 d,220,0.5,0.75,0.875,5.78084,809.188,17.7548,555077
246,42,MAWSIN,C12 Cl2 Fe1 H20 N4 O4,-4,I -4 3 d,220,0.5,0.75,0.875,5.92134,869.635,17.9144,555083
247,43,MAJDAG,C27 Cl1 H39 Th1,3,I -4 3 d,220,-0.020231,0.520231,0.479769,4.89294,490.666,21.3159,549320
248,44,MAWSOT,C12 Cl2 H20 Mn1 N4 O4,-4,I -4 3 d,220,0.0,0.25,0.875,5.96786,890.288,18.0239,555086
249,45,KUSGEK10,C12 H4 Mn4 O16,-4,I -4 3 d,220,0.25,0.375,0.0,4.41074,359.426,20.733,498558
250,46,KUSGEK10,C2 H8 N2,2,I -4 3 d,220,0.279167,0.5,0.25,2.29016,50.3124,20.733,498558
251,47,LAFBOK,C39 H36 Ir1 N3,3,I -4 3 d,220,0.0662595,0.0662595,0.0662595,6.42437,1110.63,23.4008,503085
252,48,MIYXOI,C24 H27 Mn3 N12 Ni1 O10,3,I -4 3 d,220,0.875027,0.375027,0.124973,6.34147,1068.18,23.469,574143
253,49,MURROH,B1 C21 Cl1 H37 N9 Zn1,3,I -4 3 d,220,-0.0056619,0.494338,0.0056619,6.07966,941.268,22.04,590937
254,50,MURSAU,B1 Br1 C21 H37 N9 Zn1,3,I -4 3 d,220,0.494401,0.505599,0.00559943,6.10381,952.53,22.097,590944
255,51,NEDPUI,C12 Cl2 Cu1 H20 N4 O4,-4,I -4 3 d,220,1.0,0.25,0.875,5.7966,815.821,17.831,605946
256,52,NARWIN,C27 H39 I1 U1,3,I -4 3 d,220,0.964429,0.964429,0.964429,4.8512,478.217,21.4984,601503
257,53,MOFSAB,C44 Cl4 H36 Mn4 N8 O8,-4,I -4 3 d,220,1.0,0.75,0.625,6.94856,1405.27,24.287,576574
258,54,MOFSAB,H2 O1,m m 2,I -4 3 d,220,0.991167,1.0,0.75,0.902275,3.07675,24.287,576574
259,55,MUMCAZ,C44 Cd4 Cl4 H36 N8 O8,-4,I -4 3 d,220,0.5,0.25,0.125,6.98447,1427.17,24.527,589104
260,56,OTIWAR,C84 Cu4 H84 I4 P4,3,I -4 3 d,220,0.55474,0.55474,0.55474,9.34242,3415.5,31.9068,671605
261,57,OTIWAR01,C84 Cu4 H84 I4 P4,3,I -4 3 d,220,0.555035,0.555035,0.555035,9.19757,3259.08,31.6096,671606
262,58,QAPJUN,C12 Cl2 Co1 H20 N4 O4,-4,I -4 3 d,220,0.0,0.75,0.125,5.90397,862.004,17.857,735367
263,59,OYOVUU,B1 C24 Cl1 H39 Mn1 N6,3,I -4 3 d,220,0.00873929,0.508739,0.991261,6.10764,954.323,22.4209,678795
264,60,QOWDOW,C42 Co1 H27 N12,3,I -4 3 d,220,0.818871,0.181129,0.681129,6.87648,1361.99,24.6815,762147
265,61,QOWDOW,H2 O1,m m 2,I -4 3 d,220,0.788637,0.409493,0.54784,0.696517,1.41537,24.6815,762147
266,62,REVTAN,Au3 C37 H31 I3 P3,3,I -4 3 d,220,0.0257482,0.0257482,0.0257482,6.45843,1128.38,25.274,791003
267,63,OTIWAR02,C84 Cu4 H84 I4 P4,3,I -4 3 d,220,0.054777,0.445223,0.554777,9.31085,3380.99,31.8835,671607
268,64,TAZBFE,C21 Fe1 H24 N7,3,I -4 3 d,220,0.152964,0.152964,0.152964,5.40015,659.62,20.058,872943
269,65,TEHSUV,B1 C24 H1 N6 Na1 O3,3,I -4 3 d,220,0.985136,0.485136,0.0148644,5.3639,646.425,22.056,876889
270,66,SOTSAW,C51 Cl1 H63 Hf1 N6 Si3,3,I -4 3 d,220,1.00049,0.000489304,0.000489304,7.74427,1945.44,27.377,852086
271,67,SOTROJ,C51 Cl1 H63 N6 Si3 Zr1,3,I -4 3 d,220,0.000529936,0.000529936,1.00053,7.77735,1970.47,27.46,852078
272,68,TRPAMN01,C21 H24 Mn1 N7,3,I -4 3 d,220,0.0945721,0.405428,0.594572,5.46102,682.176,20.1006,901996
273,69,TOKYIB,C30 H42 Mo1 N4,3,I -4 3 d,220,0.954443,0.454443,0.0455571,5.43235,671.491,22.783,896196
274,70,TRPAMN02,C21 H24 Mn1 N7,3,I -4 3 d,220,0.906088,0.406088,0.0939119,5.417,665.814,20.2152,901997
275,71,TRPAMN03,C21 H24 Mn1 N7,3,I -4 3 d,220,0.906273,0.406273,0.0937268,5.42273,667.929,20.282,901998
276,72,TRPAMN04,C21 H24 Mn1 N7,3,I -4 3 d,220,0.0966905,0.40331,0.59669,5.33955,637.661,19.9576,901999
277,73,OTIWAR03,C84 Cu4 H78 I4 P4,3,I -4 3 d,220,0.55236,0.55236,0.55236,9.12689,3184.52,31.6723,671608
278,74,TRPAMN05,C21 H24 Mn1 N7,3,I -4 3 d,220,0.593948,0.0939475,0.406052,5.41279,664.261,19.786,902000
279,75,UPOBAE,C21 H24 N7 Ru1,3,I -4 3 d,220,0.904564,0.404564,0.0954362,5.3948,657.661,19.9699,934986
280,76,VIHDUN,C25 H16 N4 O4,-4,I -4 3 d,220,0.0,0.75,1.125,6.42674,1111.85,18.0373,970875
281,77,UWUTUE01,C32 H40 Li4 N4,-4,I -4 3 d,220,0.625,0.0,0.75,6.00912,908.886,21.1726,944932
282,78,WEPVOE,B1 C25 H43 Mg1 N6,3,I -4 3 d,220,-0.0114355,0.988564,0.988564,6.06155,932.884,22.402,1008214
283,79,WESPOZ,B1 C25 Cd1 H39 N6,3,I -4 3 d,220,0.0089,0.0089,0.0089,6.11303,956.856,22.747,1009201
284,80,XOBPAH,Br1 C27 H39 Th1,3,I -4 3 d,220,0.0205219,0.0205219,0.0205219,4.88283,487.63,21.3204,1064577
285,81,YUPXOW,B1 C24 H39 N6 Tl1,3,I -4 3 d,220,0.00673239,0.00673239,0.00673239,6.15527,976.825,22.59,1122312
286,82,WAVCIF,C48 H108 O4 Si4 Ta2,-4,I -4 3 d,220,0.25,0.375,0.0,7.79671,1985.22,28.125,1001412
287,83,TODDEY,C69 H72 Mn11 N9 O43,3,I -4 3 d,220,0.493826,0.506174,0.00617397,10.0774,4286.73,35.533,894094
288,84,TODDEY,C3 H7 N1 O1,1,I -4 3 d,220,0.576258,0.299317,-0.0460333,2.52417,67.365,35.533,894094
289,85,TODDEY,H2 O1,m m 2,I -4 3 d,220,0.4647,0.288967,0.1454,0.722102,1.57715,35.533,894094
290,86,TODDEY,H2 O1,m m 2,I -4 3 d,220,0.393233,0.320967,0.1455,0.73707,1.67726,35.533,894094
291,87,ZIPMAM,C30 H64 N6 Se8 W6,-4,I -4 3 d,220,0.25,0.375,0.0,7.85065,2026.71,31.15,1141819
292,88,ZIPMAM,C5 H11 N1,1,I -4 3 d,220,0.901506,0.0438706,0.369153,2.43633,60.5741,31.15,1141819
293,89,ZIPMAM,C5 H11 N1,1,I -4 3 d,220,0.200853,0.0311882,0.0932824,2.42046,59.3975,31.15,1141819
294,90,VALHAT,C108 H148 K4 N16 O21 Zn4,-4,I -4 3 d,220,0.75,0.625,0.0,9.93991,4113.6,33.049,953713
295,91,YUYWOF,C108 Cu4 H148 K4 N16 O21,-4,I -4 3 d,220,0.5,0.75,0.875,9.9941,4181.26,32.9427,1125385
296,0,HXMTAM04,C6 H12 N4,-4 3 m,I -4 3 m,217,0.0,0.0,0.0,2.46146,62.4673,6.931,377493
297,1,HXMTAM05,C6 H12 N4,-4 3 m,I -4 3 m,217,0.0,0.0,0.0,2.47715,63.6696,6.91,377494
298,2,HXMTAM03,C6 H12 N4,-4 3 m,I -4 3 m,217,0.0,0.0,0.0,2.46192,62.5026,7.021,377492
299,3,HXMTAM08,C6 N4,-4 3 m,I -4 3 m,217,0.0,0.0,0.0,1.67358,19.6342,7.028,377496
300,4,HXMTAM07,C6 H12 N4,-4 3 m,I -4 3 m,217,0.0,0.0,0.0,2.4371,60.6309,7.028,377495
301,5,HXMTAM09,C6 H12 N4,-4 3 m,I -4 3 m,217,0.0,0.0,0.0,2.47465,63.4772,6.956,377497
302,6,HXMTAM10,C6 H12 N4,-4 3 m,I -4 3 m,217,0.0,0.0,0.0,2.47801,63.7359,6.9274,377498
303,7,HXMTAM11,C6 H12 N4,-4 3 m,I -4 3 m,217,0.0,0.0,0.0,2.48256,64.0875,6.9337,377499
304,8,HXMTAM12,C6 H12 N4,-4 3 m,I -4 3 m,217,0.0,0.0,0.0,2.4772,63.6734,6.9424,377500
305,9,HXMTAM13,C6 H12 N4,-4 3 m,I -4 3 m,217,0.0,0.0,0.0,2.47433,63.4526,6.9551,377501
306,10,HXMTAM14,C6 H12 N4,-4 3 m,I -4 3 m,217,0.0,0.0,0.0,2.4713,63.2198,6.9693,377502
307,11,HXMTAM15,C6 H12 N4,-4 3 m,I -4 3 m,217,0.0,0.0,0.0,2.46745,62.9249,6.9835,377503
308,12,HXMTAM16,C6 H12 N4,-4 3 m,I -4 3 m,217,0.0,0.0,0.0,2.4111,58.7115,7.028,377504
309,13,HMSIPA,C12 H36 P4 Si6,-4 3 m,I -4 3 m,217,0.5,0.5,0.5,4.45966,371.52,10.817,359267
310,14,HXMTAM18,C6 H12 N4,-4 3 m,I -4 3 m,217,0.0,0.0,0.0,2.43196,60.2483,7.028,377506
311,15,HXMTAM17,C6 H12 N4,-4 3 m,I -4 3 m,217,0.0,0.0,0.0,2.46675,62.8711,7.028,377505
312,16,HXMTAM19,C6 H12 N4,-4 3 m,I -4 3 m,217,0.0,0.0,0.0,2.46675,62.8711,7.028,377507
313,17,HXMTAM20,C6 H12 N4,-4 3 m,I -4 3 m,217,0.0,0.0,0.0,2.46675,62.8711,7.028,377508
314,18,HXMTAM21,C6 H12 N4,-4 3 m,I -4 3 m,217,0.0,0.0,0.0,2.38142,56.5698,7.028,377509
315,19,HMGETP01,C12 Ge6 H36 P4,-4 3 m,I -4 3 m,217,0.0,0.0,0.0,4.62061,413.214,10.901,359126
316,20,HXMTAM22,C6 H12 N4,-4 3 m,I -4 3 m,217,0.0,0.0,0.0,2.44074,60.9031,7.028,377510
317,21,HXMTAM23,C6 H12 N4,-4 3 m,I -4 3 m,217,0.0,0.0,0.0,2.44074,60.9031,7.028,377511
318,22,HXMTAM25,C6 D12 N4,-4 3 m,I -4 3 m,217,0.5,0.5,0.5,2.36843,55.6492,7.019,377513
319,23,HXMTAM26,C6 D12 N4,-4 3 m,I -4 3 m,217,0.5,0.5,0.5,2.33315,53.1994,7.0154,377514
320,24,HXMTAM27,C6 D12 N4,-4 3 m,I -4 3 m,217,0.5,0.5,0.5,2.36747,55.5812,7.0132,377515
321,25,HXMTAM28,C6 D12 N4,-4 3 m,I -4 3 m,217,0.5,0.5,0.5,2.36563,55.4516,7.0097,377516
322,26,HXMTAM29,C6 D12 N4,-4 3 m,I -4 3 m,217,0.5,0.5,0.5,2.36763,55.5924,7.0078,377517
323,27,HXMTAM30,C6 D12 N4,-4 3 m,I -4 3 m,217,0.5,0.5,0.5,2.33746,53.4944,7.0045,377518
324,28,HXMTAM31,C6 D12 N4,-4 3 m,I -4 3 m,217,0.5,0.5,0.5,2.36662,55.5218,7.0019,377519
325,29,HXMTAM32,C6 D12 N4,-4 3 m,I -4 3 m,217,0.5,0.5,0.5,2.36706,55.5528,6.9993,377520
326,30,HXMTAM33,C6 D12 N4,-4 3 m,I -4 3 m,217,0.5,0.5,0.5,2.36674,55.5302,6.9964,377521
327,31,HXMTAM34,C6 D12 N4,-4 3 m,I -4 3 m,217,0.5,0.5,0.5,2.36755,55.5868,6.9939,377522
328,32,HXMTAM35,C6 D12 N4,-4 3 m,I -4 3 m,217,0.5,0.5,0.5,2.36802,55.62,6.9914,377523
329,33,HXMTAM36,C6 D12 N4,-4 3 m,I -4 3 m,217,0.5,0.5,0.5,2.34163,53.7811,6.9972,377524
330,34,HXMTAM24,C6 D12 N4,-4 3 m,I -4 3 m,217,0.5,0.5,0.5,2.37339,55.9997,7.0195,377512
331,35,HXMTAM39,C6 D12 N4,-4 3 m,I -4 3 m,217,0.5,0.5,0.5,2.35039,54.3873,7.0135,377527
332,36,HXMTAM37,C6 D12 N4,-4 3 m,I -4 3 m,217,0.5,0.5,0.5,2.36711,55.5564,7.0014,377525
333,37,HXMTAM38,C6 D12 N4,-4 3 m,I -4 3 m,217,0.5,0.5,0.5,2.3662,55.4923,7.0075,377526
334,38,HXMTAM40,C6 D12 N4,-4 3 m,I -4 3 m,217,0.5,0.5,0.5,2.36701,55.5489,7.0187,377528
335,39,HXMTAM41,C6 D12 N4,-4 3 m,I -4 3 m,217,0.5,0.5,0.5,2.36791,55.6121,7.0194,377529
336,40,HXMTAM42,C6 H12 N4,-4 3 m,I -4 3 m,217,0.5,0.5,0.5,2.36802,55.6198,7.0266,377530
337,41,HXMTAM44,C6 H12 N4,-4 3 m,I -4 3 m,217,0.5,0.5,0.5,2.36587,55.4685,7.0212,377532
338,42,HXMTAM46,C6 H12 N4,-4 3 m,I -4 3 m,217,0.5,0.5,0.5,2.34987,54.3512,7.0159,377534
339,43,HXMTAM45,C6 H12 N4,-4 3 m,I -4 3 m,217,0.5,0.5,0.5,2.35032,54.3819,7.0192,377533
340,44,HXMTAM47,C6 H12 N4,-4 3 m,I -4 3 m,217,0.5,0.5,0.5,2.36615,55.4886,7.0142,377535
341,45,HXMTAM48,C6 H12 N4,-4 3 m,I -4 3 m,217,0.5,0.5,0.5,2.367,55.548,7.0118,377536
342,46,HXMTAM49,C6 H12 N4,-4 3 m,I -4 3 m,217,0.5,0.5,0.5,2.34856,54.26,7.01,377537
343,47,HXMTAM51,C6 H12 N4,-4 3 m,I -4 3 m,217,0.5,0.5,0.5,2.36644,55.5087,7.0033,377539
344,48,HXMTAM50,C6 H12 N4,-4 3 m,I -4 3 m,217,0.5,0.5,0.5,2.36589,55.4698,7.0046,377538
345,49,HXMTAM52,C6 H12 N4,-4 3 m,I -4 3 m,217,0.5,0.5,0.5,2.36722,55.5638,7.0066,377540
346,50,HXMTAM53,C6 H12 N4,-4 3 m,I -4 3 m,217,0.5,0.5,0.5,2.36515,55.418,7.0122,377541
347,51,HXMTAM54,C6 H12 N4,-4 3 m,I -4 3 m,217,0.5,0.5,0.5,2.36762,55.5921,7.0166,377542
348,52,HXMTAM55,C6 H12 N4,-4 3 m,I -4 3 m,217,0.5,0.5,0.5,2.3661,55.4851,7.0219,377543
349,53,HXMTAM56,C6 H12 N4,-4 3 m,I -4 3 m,217,0.5,0.5,0.5,2.36609,55.4839,7.0248,377544
350,54,HXMTAM57,C6 H12 N4,-4 3 m,I -4 3 m,217,0.5,0.5,0.5,2.36511,55.4152,7.0278,377545
351,55,METHLI01,C1 D3,3 m,I -4 3 m,217,0.296875,0.296875,0.296875,1.00688,4.27567,7.1128,563641
352,56,METHLI02,C1 D3,3 m,I -4 3 m,217,0.300275,0.300275,0.300275,0.889734,2.95024,7.2004,563642
353,57,MAGXIF,C6 H12 N4,-4 3 m,I -4 3 m,217,0.5,0.5,0.5,2.3668,55.534,7.0073,548753
354,58,NENVUY,C12 Ge8 N4,-4 3 m,I -4 3 m,217,0.5,0.5,0.5,4.46799,373.605,11.2872,609515
355,59,NENWIN,C12 N4 Sn8,-4 3 m,I -4 3 m,217,0.0,0.0,0.0,4.85561,479.521,11.6106,609526
356,60,KELREY,C12 Cl4 H36 Ti4,-4 3 m,I -4 3 m,217,0.0,0.0,0.0,4.71479,438.997,10.5275,470955
357,61,MESIAD,As4 C12 H36 Si6,-4 3 m,I -4 3 m,217,0.5,0.5,0.5,4.59767,407.089,10.982,563236
358,62,POSLOY10,C12 Cl4 O12 Tc4,-4 3 m,I -4 3 m,217,0.0,0.0,0.0,4.82456,470.379,10.322,716575
359,63,QAMCAM02,C6 H12 N4,-4 3 m,I -4 3 m,217,0.0,0.0,0.0,2.37888,56.389,6.8659,734330
360,64,QAMCAM03,C6 H12 N4,-4 3 m,I -4 3 m,217,0.0,0.0,0.0,2.3803,56.4901,6.84846,734331
361,65,QAMCAM04,C6 H12 N4,-4 3 m,I -4 3 m,217,0.0,0.0,0.0,2.3845,56.7897,6.8067,734332
362,66,QAMCAM01,C6 H12 N4,-4 3 m,I -4 3 m,217,0.0,1.36364e-07,4.54545e-08,2.37768,56.3038,6.9195,734329
363,67,QAMCAM06,C6 H12 N4,-4 3 m,I -4 3 m,217,0.0,0.0,0.0,2.38127,56.5594,6.7709,734334
364,68,QAMCAM07,C6 H12 N4,-4 3 m,I -4 3 m,217,0.0,0.0,0.0,2.38007,56.4737,6.7485,734335
365,69,QAMCAM08,C6 H12 N4,-4 3 m,I -4 3 m,217,0.0,0.0,0.0,2.38084,56.5281,6.7299,734336
366,70,QAMCAM05,C6 H12 N4,-4 3 m,I -4 3 m,217,0.0,2.72727e-07,9.09091e-08,2.379,56.3975,6.78423,734333
367,71,QAMCAM09,C6 H12 N4,-4 3 m,I -4 3 m,217,0.0,0.0,0.0,2.38232,56.6337,6.7107,734337
368,72,QAMCAM10,C6 H12 N4,-4 3 m,I -4 3 m,217,0.0,0.0,0.0,2.38138,56.567,6.6926,734338
369,73,QAMCAM12,C6 H12 N4,-4 3 m,I -4 3 m,217,0.0,0.0,0.0,2.38187,56.6017,6.6668,734340
370,74,QAMCAM13,C6 H12 N4,-4 3 m,I -4 3 m,217,0.0,0.0,0.0,2.38094,56.5358,6.6507,734341
371,75,QAMCAM14,C6 H12 N4,-4 3 m,I -4 3 m,217,0.0,0.0,0.0,2.38189,56.6032,6.63519,734342
372,76,QAMCAM15,C6 H12 N4,-4 3 m,I -4 3 m,217,0.0,0.0,0.0,2.38066,56.5156,6.6225,734343
373,77,QAMCAM16,C6 H12 N4,-4 3 m,I -4 3 m,217,0.0,0.0,0.0,2.38081,56.5263,6.6085,734344
374,78,QAMCAM17,C6 H12 N4,-4 3 m,I -4 3 m,217,0.0,0.0,0.0,2.37907,56.4022,6.59455,734345
375,79,QAMCAM11,C6 H12 N4,-4 3 m,I -4 3 m,217,0.0,1.36364e-07,4.54545e-08,2.38198,56.6093,6.6758,734339
376,80,QAMCAM18,C6 H12 N4,-4 3 m,I -4 3 m,217,0.0,0.0,0.0,2.37973,56.4491,6.5844,734346
377,81,QAMCAM19,C6 H12 N4,-4 3 m,I -4 3 m,217,0.0,0.0,0.0,2.37926,56.416,6.5636,734347
378,82,QAMCAM20,C6 H12 N4,-4 3 m,I -4 3 m,217,0.0,0.0,0.0,2.37908,56.4028,6.5404,734348
379,83,QAMCAM21,C6 H12 N4,-4 3 m,I -4 3 m,217,0.0,0.0,0.0,2.3773,56.2763,6.4826,734349
380,84,QAMCAM22,C6 H12 N4,-4 3 m,I -4 3 m,217,0.0,0.0,0.0,2.3754,56.1418,6.4486,734350
381,85,QAMCAM23,C6 H12 N4,-4 3 m,I -4 3 m,217,0.0,0.0,0.0,2.37565,56.1594,6.4119,734351
382,86,QAMCAM24,C6 H12 N4,-4 3 m,I -4 3 m,217,0.0,0.0,0.0,2.37409,56.0491,6.38035,734352
383,87,QAMCAM25,C6 H12 N4,-4 3 m,I -4 3 m,217,0.0,0.0,0.0,2.37357,56.0123,6.3533,734353
384,88,QAMCAM26,C6 H12 N4,-4 3 m,I -4 3 m,217,0.0,0.0,0.0,2.37089,55.8228,6.3396,734354
385,89,QAMCAM27,C6 H12 N4,-4 3 m,I -4 3 m,217,0.0,0.0,0.0,2.3726,55.9435,6.3314,734355
386,90,QAMCAM28,C6 H12 N4,-4 3 m,I -4 3 m,217,0.0,0.0,0.0,2.37159,55.872,6.3279,734356
387,91,QAMCAM29,C6 H12 N4,-4 3 m,I -4 3 m,217,0.0,0.0,0.0,2.37224,55.9178,6.3164,734357
388,92,QAMCAM30,C6 H12 N4,-4 3 m,I -4 3 m,217,0.0,0.0,0.0,2.37119,55.8439,6.3069,734358
389,93,QAMCAM31,C6 H12 N4,-4 3 m,I -4 3 m,217,0.0,0.0,0.0,2.37167,55.8779,6.3048,734359
390,94,QAMCAM32,C6 H12 N4,-4 3 m,I -4 3 m,217,0.0,0.0,0.0,2.36912,55.6973,6.2914,734360
391,95,QAMCAM33,C6 H12 N4,-4 3 m,I -4 3 m,217,0.0,0.0,0.0,2.36663,55.522,6.2795,734361
392,96,QAMCAM34,C6 H12 N4,-4 3 m,I -4 3 m,217,0.0,0.0,0.0,2.36825,55.6364,6.273,734362
393,97,QAMCAM35,C6 H12 N4,-4 3 m,I -4 3 m,217,0.0,0.0,0.0,2.48594,64.3498,6.9486,734363
394,98,QAMCAM36,C6 H12 N4,-4 3 m,I -4 3 m,217,0.0,0.0,0.0,2.43448,60.4361,6.9195,734364
395,99,QAMCAM37,C6 H12 N4,-4 3 m,I -4 3 m,217,0.0,0.0,0.0,2.47815,63.747,6.8659,734365
396,100,QAMCAM38,C6 H12 N4,-4 3 m,I -4 3 m,217,0.0,0.0,0.0,2.49094,64.7388,6.84846,734366
397,101,QAMCAM39,C6 H12 N4,-4 3 m,I -4 3 m,217,0.0,0.0,0.0,2.49916,65.3821,6.8067,734367
398,102,QAMCAM40,C6 H12 N4,-4 3 m,I -4 3 m,217,0.0,0.0,0.0,2.53585,68.3041,6.78423,734368
399,103,QAMCAM41,C6 H12 N4,-4 3 m,I -4 3 m,217,0.0,0.0,0.0,2.47257,63.3168,6.7709,734369
400,104,QAMCAM42,C6 H12 N4,-4 3 m,I -4 3 m,217,0.0,0.0,0.0,2.48198,64.0429,6.7485,734370
401,105,QAMCAM43,C6 H12 N4,-4 3 m,I -4 3 m,217,0.0,0.0,0.0,2.50572,65.8982,6.7299,734371
402,106,QAMCAM44,C6 H12 N4,-4 3 m,I -4 3 m,217,0.0,0.0,0.0,2.50693,65.9937,6.6926,734372
403,107,QAMCAM45,C6 H12 N4,-4 3 m,I -4 3 m,217,0.0,0.0,0.0,2.47854,63.7768,6.6758,734373
404,108,QAMCAM46,C6 H12 N4,-4 3 m,I -4 3 m,217,0.0,0.0,0.0,2.44623,61.3154,6.6668,734374
405,109,NIWMIP,Al4 C12 H36 N4 S6,-4 3 m,I -4 3 m,217,0.0,0.0,0.0,5.55294,717.209,11.4095,622085
406,110,QAMCAM47,C6 H12 N4,-4 3 m,I -4 3 m,217,0.0,0.0,0.0,2.45776,62.1859,6.6507,734375
407,111,QAMCAM48,C6 H12 N4,-4 3 m,I -4 3 m,217,0.0,0.0,0.0,2.48628,64.3766,6.63519,734376
408,112,QAMCAM49,C6 H12 N4,-4 3 m,I -4 3 m,217,0.0,0.0,0.0,2.47452,63.4672,6.6225,734377
409,113,QAMCAM50,C6 H12 N4,-4 3 m,I -4 3 m,217,0.0,0.0,0.0,2.46315,62.5966,6.6085,734378
410,114,QAMCAM51,C6 H12 N4,-4 3 m,I -4 3 m,217,0.0,0.0,0.0,2.45049,61.6357,6.59455,734379
411,115,QAMCAM53,C6 H12 N4,-4 3 m,I -4 3 m,217,0.0,0.0,0.0,2.39283,57.3867,6.5404,734381
412,116,QAMCAM52,C6 H12 N4,-4 3 m,I -4 3 m,217,0.0,0.0,0.0,2.41363,58.8962,6.5636,734380
413,117,QAMCAM54,C6 H12 N4,-4 3 m,I -4 3 m,217,0.0,0.0,0.0,2.44371,61.1257,6.4826,734382
414,118,QAMCAM55,C6 H12 N4,-4 3 m,I -4 3 m,217,0.0,0.0,0.0,2.44089,60.9143,6.4119,734383
415,119,QAMCAM56,C6 H12 N4,-4 3 m,I -4 3 m,217,0.0,0.0,0.0,2.36004,55.06,6.3533,734384
416,120,QAMCAM57,C6 H12 N4,-4 3 m,I -4 3 m,217,0.0,0.0,0.0,2.41806,59.2211,6.3164,734385
417,121,QAMCAM58,C6 H12 N4,-4 3 m,I -4 3 m,217,0.0,0.0,0.0,2.39178,57.3111,6.3069,734386
418,122,QAMCAM59,C6 H12 N4,-4 3 m,I -4 3 m,217,0.0,0.0,0.0,2.46995,63.1161,6.2914,734387
419,123,QAMCAM60,C6 H12 N4,-4 3 m,I -4 3 m,217,0.0,0.0,0.0,2.38111,56.5475,6.2795,734388
420,124,QAMCAM61,C6 H12 N4,-4 3 m,I -4 3 m,217,0.0,0.0,0.0,2.36909,55.6955,6.3104,734389
421,125,QAMCAM62,C6 H12 N4,-4 3 m,I -4 3 m,217,0.0,0.0,0.0,2.37423,56.0592,6.9486,734390
422,126,QAMCAM64,C6 H12 N4,-4 3 m,I -4 3 m,217,0.0,0.0,0.0,2.44907,61.5288,6.273,734392
423,127,YEYQAU,C12 O12 Ru4 Se4,-4 3 m,I -4 3 m,217,0.0,0.0,1.0,4.74168,446.551,10.308,1099137
424,128,RELQAD,C12 Ge4 H36 N4 Si4,-4 3 m,I -4 3 m,217,0.0,0.0,0.0,5.24835,605.541,11.2687,787406
425,129,NEYSOA,C78 Cu17 H150 Mn28 N12 O92,-4 3 m,I -4 3 m,217,0.0,0.0,0.0,9.26285,3328.96,20.3441,613417
426,130,NEYSOA,H2 O1,m m 2,I -4 3 m,217,0.1105,0.4852,0.1105,0.62637,1.02936,20.3441,613417
427,131,NEYSOA,H2 O1,m m 2,I -4 3 m,217,0.127,0.3303,0.127,0.706986,1.48016,20.3441,613417
428,0,CIXWOW,C4 H10 O2,2,I a -3,206,0.982216,0.0,0.25,3.77374,225.108,25.75,124913
429,1,AETSMN,C27 Cl3 H24 Mn1 N4 O3,3,I a 3,206,0.130351,0.130351,0.130351,7.45257,1733.78,22.49,8277
430,2,CIXYEO,C4 H10 O2,2,I a -3,206,0.230025,0.0,-0.25,3.74418,219.86,25.758,124937
431,3,ACAJIX,C36 F12 H18 Ir1 N3,3,I a -3,206,0.635375,-0.135375,0.135375,6.16751,982.665,23.6916,3063
432,4,DUPXOD,C31 H21,3 2,I a -3,206,0.0427681,0.0427681,0.0427681,8.13428,2254.41,20.203,192671
433,5,NAHACE03,C4 H7 O4,2,I a -3,206,0.0,0.25,0.10292,3.89094,246.74,15.902,596958
434,6,QEZCUU,C18 Ce1 N18 O6,-3,I a -3,206,0.5,0.5,0.5,5.81561,823.875,22.535,746571
435,7,QEZCUU,C8 H20 N1,m m 2,I a -3,206,0.654393,0.5,0.25,3.40335,165.119,22.535,746571
436,8,CADXOU,Ag2 C6 H12 O6,-3 m,I a 3,206,0.0,0.0,0.0,3.05784,119.762,16.376,97273
437,9,QEZDAB,C18 Gd1 N18 O6,-3,I a -3,206,0.5,0.5,0.5,5.73072,788.32,22.3927,746574
438,10,CADXOU,As1 F6,m -3 m,I a 3,206,0.217229,0.0,0.25,1.73144,21.7419,16.376,97273
439,11,QEZDAB,C8 H20 N1,m m 2,I a -3,206,0.658405,0.5,0.25,3.39342,163.677,22.3927,746574
440,12,QEZDEF,C18 La1 N18 O6,-3,I a -3,206,0.5,0.5,0.5,5.84252,835.367,22.5835,746579
441,13,QEZDIJ,C18 N18 Nd1 O6,-3,I a -3,206,0.5,0.5,0.5,5.78742,811.951,22.4898,746582
442,14,QEZDEF,C8 H20 N1,-4 2 m,I a -3,206,0.654176,0.5,0.25,3.39074,163.289,22.5835,746579
443,15,QEZDIJ,C8 H20 N1,-4 2 m,I a -3,206,0.656159,0.5,0.25,3.40051,164.706,22.4898,746582
444,16,ZOWNAA,C21 Co1 H18 N3 O9,3,I a 3,206,0.0952577,0.0952577,0.0952577,7.64071,1868.43,20.792,1150050
445,17,ZZZWFC01,C12 H30 N6 Ni1 O6,-3,I a -3,206,0.25,0.25,0.25,5.04011,536.285,16.8052,1161794
446,18,ZZZWFC01,N1 O3,-6 m 2,I a -3,206,0.590295,0.090295,0.409705,1.23859,7.95902,16.8052,1161794
447,19,CIXWOW,C82 Co2 H78 P6 S1,-3,I a -3,206,0.75,0.25,0.25,7.73146,1935.8,25.75,124913
448,20,CIXYEO,C82 Co2 H78 P6 Se1,-3,I a -3,206,0.0,0.0,0.0,7.76847,1963.73,25.758,124937
449,0,TAMXIQ,C2,m,I a -3 d,230,0.125,0.125,0.125,0.55382,0.711512,16.533,868473
450,1,TAMXIQ,B1 C1 N1,1,I a -3 d,230,-0.0291067,0.125,0.2791,1.41376,11.836,16.533,868473
451,2,GOYHUA,Al2 C22 H24 N6,2,I a -3 d,230,0.567745,0.625,0.317745,5.78889,812.574,32.2887,322820
452,3,UXOXUB,C2,m,I a -3 d,230,0.125,0.125,0.125,0.544183,0.675009,16.536,946215
453,4,UXOXUB,B1 C1 N1,1,I a -3 d,230,-0.029,0.125,0.279,1.41751,11.9303,16.536,946215
454,5,QUZHAW,C28 Fe1 H24 N8 O2,2,I a -3 d,230,1.0,0.75,1.0139,6.6037,1206.25,34.1795,773870
455,6,QUZHAW,C2 H3 N1,3 m,I a -3 d,230,0.947363,0.947363,0.947363,2.1178,39.7863,34.1795,773870
456,7,VAJNEA,C28 Cu1 H24 N2 O4,2,I a -3 d,230,0.861784,0.111784,0.125,6.7321,1277.99,31.2451,952786
457,8,QUZHAW,Cl1 O4,-4 3 m,I a -3 d,230,0.90641,0.912326,1.04641,1.43727,12.4362,34.1795,773870
458,0,CILPAO10,C12 Cl8 H36 P4 Ta2,m m m,I m 3,204,0.0,0.5,0.0,5.9214,869.659,16.4,120087
459,1,CUHVEG,C12 Cl8 H36 Nb2 P4,m m m,I m 3,204,0.5,0.0,0.0,5.78988,812.989,16.372,141103
460,2,CILPAO,C12 Cl8 H36 P4 Ta2,m m m,I m 3,204,0.0,0.5,0.0,5.9214,869.659,16.4,120085
461,3,DEKBIF,C20 Er2 H24 N2,m m m,I m -3,204,0.5,1.0,0.5,4.75658,450.776,14.5007,162284
462,4,TCYETY01,C6 N4,m m m,I m 3,204,0.0,0.5,0.5,2.99187,112.177,9.736,874199
463,5,DEKBIF01,C20 Er2 H24 N2,m m m,I m -3,204,0.5,1.0,0.5,4.75477,450.262,14.351,162285
464,6,CUHVEG01,C12 Cl8 H36 Nb2 P4,m m m,I m 3,204,0.0,0.5,0.0,5.82254,826.826,16.39,141104
465,7,TCYETY12,C6 N4,m m m,I m -3,204,1.0,0.5,0.5,3.01284,114.552,9.6326,874209
466,8,TCYETY02,C6 N4,m m m,I m 3,204,0.0,0.5,0.5,2.99306,112.31,9.736,874200
467,9,DEKBUR02,C20 H24 N2 Yb2,m m m,I m -3,204,0.5,0.0,0.5,4.76779,453.971,14.4104,162296
468,0,LOSZAX,C32 Eu2 O44 Ti8,4/m m m,I m -3 m,229,0.0,0.0,0.5,7.14858,1530.16,24.59,536163
469,1,LOSZAX,C2 N1,1,I m -3 m,229,0.1854,0.366067,0.1854,1.39435,11.3551,24.59,536163
470,0,AMECUA,C6 Cu1 N5,3,P 21 3,198,0.247892,0.247892,0.247892,3.07674,121.997,11.626,22098
471,1,AMECUA,Cl1 O4,-4 3 m,P 21 3,198,0.76032,0.76032,0.76032,1.43982,12.5026,11.626,22098
472,2,AMECUA,Cl1 O4,-4 3 m,P 21 3,198,0.5432,0.5432,0.5432,1.41562,11.8827,11.626,22098
473,3,ARUNOT,C12 Cl4 Cu1 H36 Mo3 N6 S4,3,P 21 3,198,0.599219,0.0992187,0.400781,5.45759,680.892,15.3959,31694
474,4,ARUNOT,Cl2 Cu1,6/m,P 21 3,198,0.37449,0.37449,0.37449,2.13119,40.5452,15.3959,31694
475,5,BEMQUF,B1 C6 H15 N2,3,P 21 3,198,0.0102,0.0102,0.0102,2.83284,95.2227,9.18,61467
476,6,BIKJEK,C14 Co1 N4 S3,3,P 21 3,198,0.70665,0.70665,0.70665,4.68362,430.349,13.37,70154
477,7,BIKJEK,Cl4 Zn1,-4 3 m,P 21 3,198,0.297686,0.297686,0.297686,2.28273,49.8241,13.37,70154
478,8,BATVID,C27 H39 N1 O1 U1,3,P 21 3,198,0.239514,0.239514,0.239514,4.74727,448.134,13.4239,54545
479,9,BINJOZ,C30 H45 N4,3,P 21 3,198,0.971567,0.528433,0.471567,8.10529,2230.39,15.3039,71441
480,10,BINJOZ,Cl4 Co1,-4 3 m,P 21 3,198,0.867555,0.367555,0.132445,2.2808,49.6975,15.3039,71441
481,11,AVUTAM,Au1 B1 C33 H37 N6 P1,3,P 21 3,198,0.928284,0.928284,0.928284,6.64761,1230.47,21.603,38283
482,12,BURVOC,C6 H21 N4,3,P 21 3,198,0.463078,0.463078,0.463078,3.46143,173.717,10.1684,91803
483,13,CEFPIM,C6 H6,-3 m,P 21 3,198,0.419375,0.419375,0.419375,2.22942,46.4145,17.413,107840
484,14,BAXJUI,C48 Fe1 H63 N9,3,P 21 3,198,0.0769989,0.576999,-0.0769989,9.63033,3741.1,17.0031,55642
485,15,BAXJUI,B1 F4,-4 3 m,P 21 3,198,0.788724,0.711276,0.288724,1.38993,11.2475,17.0031,55642
486,16,BAXJUI,B1 F4,-4 3 m,P 21 3,198,0.226186,0.273814,0.726186,1.39059,11.2636,17.0031,55642
487,17,CEFPIM,C6 H6,6/m m m,P 21 3,198,0.279617,0.279617,0.279617,2.3549,54.7004,17.413,107840
488,18,CORQAC,C19 H18 P1,3,P 21 3,198,0.0637355,0.436264,0.563736,5.27672,615.414,15.4168,133453
489,19,CORQAC,C19 H18 P1,3,P 21 3,198,0.272824,0.272824,0.272824,5.2502,606.182,15.4168,133453
490,20,AVUTAM,Au1 B1 C33 H37 N6 P1,3,P 21 3,198,0.626487,0.626487,0.626487,6.73373,1278.92,21.603,38283
491,21,CORQAC,Cl4 Zn1,-4 3 m,P 21 3,198,-0.190298,0.309702,0.190298,2.28729,50.1233,15.4168,133453
492,22,BUKSAC,C30 H69 N12 Ni3 S3,3,P 21 3,198,1.03973,0.539727,0.960273,7.1903,1557.1,17.3804,89526
493,23,BUKSAC,Cl1 O4,-4 3 m,P 21 3,198,0.937362,0.562638,0.437362,1.42097,12.018,17.3804,89526
494,24,BUKSAC,Cl1 O4,-4 3 m,P 21 3,198,0.35629,0.14371,0.85629,1.43514,12.3811,17.3804,89526
495,25,BUKSAC,Cl1 O4,-4 3 m,P 21 3,198,0.197302,0.697302,0.802698,1.44904,12.7444,17.3804,89526
496,26,DACGIA,C30 Co1 H24 N6,3,P 21 3,198,-0.00104426,0.501044,0.498956,5.84327,835.689,18.2027,148685
497,27,AVUTAM,Au1 B1 C33 H37 N6 P1,3,P 21 3,198,0.27158,0.271581,0.271581,6.71362,1267.5,21.603,38283
498,28,CEFPIM,C42 H42 N1 Ni1 P7 Se3,3,P 21 3,198,0.045601,0.045601,0.045601,7.06885,1479.52,17.413,107840
499,29,DANKUZ,C23 Cl1 Co1 H38 N4 O2,1,P 21 3,198,0.179918,0.510103,0.197016,7.5693,1816.53,21.023,153614
500,30,DANKUZ,Cl4 Co1,3 m,P 21 3,198,0.950296,0.950296,0.950296,2.28967,50.2801,21.023,153614
501,31,DAEAZN01,Br1 C12 H30 N4 Zn1,3,P 21 3,198,0.764464,0.264464,0.235536,4.09119,286.829,12.0322,149701
502,32,DEMCIH,B1 C3 Cl1 F9,3,P 21 3,198,0.488586,0.488586,0.488586,2.53042,67.8662,9.8059,163084
503,33,DEMDUU,B1 Br1 C3 F9,3,P 21 3,198,0.489359,0.489359,0.489359,2.50243,65.6392,9.9001,163100
504,34,DMAECO01,Br1 C12 Co1 H30 N4,3,P 21 3,198,0.236206,0.763794,0.263794,4.06277,280.895,12.0768,176860
505,35,DMAECO02,Br1 C12 Co1 H30 N4,3,P 21 3,198,-0.0143502,0.98565,0.98565,4.05304,278.882,12.0262,176861
506,36,DACGOG,C30 H24 N6 Ni1,3 2,P 21 3,198,1.00181,0.49819,0.50181,5.7864,811.525,18.1944,148694
507,37,DMAECU01,Br1 C12 Cu1 H30 N4,3,P 21 3,198,0.486681,1.01332,-0.0133185,4.09721,288.098,12.0005,176863
508,38,DMAECU02,Br1 C12 Cu1 H30 N4,3,P 21 3,198,0.26309,0.26309,0.26309,4.08432,285.388,12.0512,176864
509,39,DORBIY,Be1 Br1 C15 H15 N3,3,P 21 3,198,0.392947,0.607053,0.107053,5.22767,598.413,11.8814,183293
510,40,DAZPUS03,C43 H64,3,P 21 3,198,0.838372,0.161628,0.661628,7.40765,1702.62,19.8599,158475
511,41,DACGIA,C27 H42 O16 U2,3,P 21 3,198,0.191193,0.808807,0.308807,6.59019,1198.86,18.2027,148685
512,42,ELUZOA,C18 H21 N4,3,P 21 3,198,0.363543,0.363543,0.363543,5.69594,774.056,13.2054,216346
513,43,ELETIZ,C30 Cu1 H39 N1 S3,3,P 21 3,198,0.819476,0.819476,0.819476,8.2274,2332.73,29.5335,215020
514,44,DACGOG,C27 H42 O16 U2,3,P 21 3,198,0.810104,0.189896,0.689896,6.57207,1189.0,18.1944,148694
515,45,EWEGAR,Ag3 C12 H36 N6 Rh2 S6,3,P 21 3,198,0.86387,0.86387,0.86387,5.82526,827.983,19.38,233441
516,46,DAZPUS03,C43 H64,3,P 21 3,198,0.663283,0.336717,0.836717,7.41202,1705.63,19.8599,158475
517,47,FADKOK,As3 C9 Cl6 In2 O3,-6,P 21 3,198,0.532583,0.532583,0.532583,4.28717,330.057,13.846,242370
518,48,ELETIZ,C30 Cu1 H39 N1 S3,3,P 21 3,198,0.803737,0.696263,0.303737,8.22694,2332.34,29.5335,215020
519,49,FAQCAC,C4 H12 N1,2 3,P 21 3,198,0.593506,0.906494,1.09351,2.03168,35.1268,10.5828,247369
520,50,FAQCAC,O4 S1,-4 3 m,P 21 3,198,0.504428,0.495572,0.995572,1.47871,13.5434,10.5828,247369
521,51,ELETIZ,C30 Cu1 H39 N1 S3,1,P 21 3,198,0.901057,0.305547,0.559865,8.39305,2476.49,29.5335,215020
522,52,ELETIZ,C30 Cu1 H39 N1 S3,1,P 21 3,198,0.942577,0.400747,0.306047,8.34269,2432.17,29.5335,215020
523,53,EWEGEV,Ag3 C12 H36 N6 Rh2 S6,3 2,P 21 3,198,0.136103,0.136103,0.136103,5.8165,824.253,19.381,233444
524,54,ELETIZ,B1 F4,-4 3 m,P 21 3,198,0.888782,0.388782,0.111218,1.38432,11.1117,29.5335,215020
525,55,ELETIZ,B1 F4,-4 3 m,P 21 3,198,0.116694,0.616694,0.883306,1.38094,11.0306,29.5335,215020
526,56,FAQCAC,C1 H6 N3,-6 m 2,P 21 3,198,0.63596,0.63596,0.63596,1.90346,28.8871,10.5828,247369
527,57,ELETIZ,B1 F4,-4 3 m,P 21 3,198,0.82137,0.099972,0.208978,1.37326,10.8476,29.5335,215020
528,58,ELETIZ,B1 F4,-4 3 m,P 21 3,198,0.778488,0.165424,0.9029,1.37201,10.818,29.5335,215020
529,59,FEGYEV,C7 H13 N1,3 m,P 21 3,198,0.411586,0.411586,0.411586,2.39079,57.2403,10.906,253493
530,60,FEGYEV,Br4 C1,3 m,P 21 3,198,0.09756,0.09756,0.09756,2.01062,34.0462,10.906,253493
531,61,EWEGAR,Ag3 C12 H36 N6 Rh2 S6,3 2,P 21 3,198,0.388897,0.388897,0.388897,5.78213,809.727,19.38,233441
532,62,EWEGAR,C4 H4 O5,1,P 21 3,198,0.498667,0.63823,0.722763,3.13205,128.696,19.38,233441
533,63,FESPIC,C18 H21 N4,3,P 21 3,198,-0.118179,-0.118179,-0.118179,5.68251,768.594,12.6301,257936
534,64,FESPIC,N1 O3,-6 m 2,P 21 3,198,0.374375,0.374375,0.374375,1.24273,8.03904,12.6301,257936
535,65,FESPIC,O4 S1,-4 3 m,P 21 3,198,-0.290076,-0.290076,-0.290076,1.48704,13.7735,12.6301,257936
536,66,EWEGEV,Ag3 C12 H36 N6 Rh2 S6,3 2,P 21 3,198,0.610973,0.610973,0.610973,5.77434,806.46,19.381,233444
537,67,EWEGEV,C4 H4 O5,1,P 21 3,198,0.501367,0.361439,0.277157,3.13916,129.574,19.381,233444
538,68,FAQCIK,C4 H12 N1,2 3,P 21 3,198,0.419818,0.0801824,0.919818,2.04113,35.6193,10.8802,247377
539,69,FOZWAT,C32 H36 O2,1,P 21 3,198,0.132934,0.100264,0.750374,6.57284,1189.42,20.029,279378
540,70,FUBZOR,C4 Co1 O4,3 m,P 21 3,198,0.295822,0.295822,0.295822,3.02345,115.767,8.898,280049
541,71,FUBZOR01,C4 Co1 O4,3,P 21 3,198,0.288622,0.288622,0.288622,3.12951,128.382,8.789,280050
542,72,FURWIY,C6 H18 Ni3 S7,3,P 21 3,198,1.03201,1.03201,1.03201,5.27463,614.685,13.801,284884
543,73,FAQCIK,C1 H6 N3,-6 m 2,P 21 3,198,-0.36096,-0.13904,0.13904,1.92675,29.9609,10.8802,247377
544,74,FAQCIK,Mo1 O4,-4 3 m,P 21 3,198,0.001388,0.001388,0.001388,1.76744,23.1265,10.8802,247377
545,75,FEMYAY,C39 H63 Mo1 N4 Si1,3,P 21 3,198,0.569732,0.930268,1.06973,6.35847,1076.8,16.5578,255687
546,76,FUYBOQ,C18 H42 N6 Ni1,3,P 21 3,198,0.377663,0.377663,0.377663,6.40917,1102.76,13.829,287013
547,77,FEMYAY,C1 F3 O3 S1,3 m,P 21 3,198,0.921441,0.578559,1.42144,1.88429,28.0231,16.5578,255687
548,78,FORKON,C39 H60 N12 O1 Zn4,3,P 21 3,198,0.768499,0.231501,0.731501,6.31571,1055.22,16.5114,276074
549,79,GANLIR,C30 F3 H42 N6 Si3 Ti1,3,P 21 3,198,0.812996,0.312996,0.187004,6.13976,969.46,15.08,293180
550,80,GECDIB,C15 Co1 H36 N6,3,P 21 3,198,0.226258,0.226258,0.226258,4.51458,385.415,12.871,297970
551,81,GENWAZ,C30 Co1 H33 N7 O6,3,P 21 3,198,0.561058,0.438942,-0.0610579,6.44479,1121.25,15.4332,302134
552,82,GENWAZ,Cl4 Co1,-4 3 m,P 21 3,198,0.607507,0.892493,0.107507,2.28924,50.2513,15.4332,302134
553,83,FURWIY,C4 H12 N1,-4 3 m,P 21 3,198,0.207147,0.207147,0.207147,2.00577,33.8002,13.801,284884
554,84,GEWNAX,C6 Co1 H18 N6 S3,3,P 21 3,198,0.0491626,0.0491626,0.0491626,5.05527,541.14,12.003,304938
555,85,FURWIY,C4 H12 N1,2 3,P 21 3,198,0.473076,0.473076,0.473076,2.04423,35.7822,13.801,284884
556,86,GIHWOK,C18 Cl1 Cu1 H18 N4,3,P 21 3,198,0.862621,0.362621,0.137379,5.59338,732.991,12.4157,308632
557,87,GINJEU,C6 H24 N6 Ni1,3,P 21 3,198,0.758348,0.241652,0.741652,3.85111,239.239,21.4954,310598
558,88,GINJEU,C6 H24 N6 Ni1,3,P 21 3,198,0.86512,0.36512,1.13488,3.79121,228.25,21.4954,310598
559,89,GAXSUT,C12 Cu1 H36 P4,3,P 21 3,198,0.0406928,0.0406928,0.0406928,4.29773,332.502,13.666,296832
560,90,GAXSUT,C2 Cu1,6/m,P 21 3,198,0.362633,0.362633,0.362633,1.94964,31.0411,13.666,296832
561,91,GOQXES,C21 F3 H12 Np1 O8,3,P 21 3,198,0.424502,0.575498,1.0755,8.05736,2191.06,13.0933,320737
562,92,GOQXES,H4 N1,-4 3 m,P 21 3,198,1.17066,0.67066,0.82934,0.872206,2.77928,13.0933,320737
563,93,GINJEU,C12 H48 N12 Ni3 O7 W1,3,P 21 3,198,0.981022,0.0189781,0.518978,7.12403,1514.44,21.4954,310598
564,94,GOQXIW,C21 F3 H12 O8 Pu1,3,P 21 3,198,0.575274,0.424726,-0.075274,8.05707,2190.82,13.0817,320740
565,95,GOQXIW,H4 N1,-4 3 m,P 21 3,198,-0.17074,0.32926,0.17074,0.846056,2.53672,13.0817,320740
566,96,GOQXOC,C21 F3 H12 O8 U1,3,P 21 3,198,0.67407,0.32593,0.82593,8.05561,2189.63,13.105,320741
567,97,GOQXOC,H4 N1,-4 3 m,P 21 3,198,0.92048,0.42048,1.07952,0.893093,2.98377,13.105,320741
568,98,HAJKUZ,C27 H45 N7 Ni1,3,P 21 3,198,0.310677,0.189323,0.810677,5.58145,728.309,14.0195,335507
569,99,GESHOB,Bi1 C36 H81 O9 S3 Si3,3,P 21 3,198,0.768101,0.768101,0.768101,7.57741,1822.38,17.793,303650
570,100,HIWQEJ,C1 H3 O3,3,P 21 3,198,1.11164,0.888357,1.38836,1.4244,12.1053,8.6,357525
571,101,HIWQEJ,As1 F6,m -3 m,P 21 3,198,0.885571,0.885571,0.885571,1.70336,20.701,8.6,357525
572,102,GEYPAB,C32 Co8 O44 Si8,3,P 21 3,198,1.24651,0.253489,0.746511,7.98683,2134.02,18.321,305597
573,103,HUKTUC,B1 C12 H9 O3,3,P 21 3,198,0.530958,0.530958,0.530958,4.67491,427.954,10.2961,371915
574,104,IBIXIA,C19 H18 P1,3,P 21 3,198,-0.313676,-0.686324,-0.186324,5.26202,610.287,15.4804,379219
575,105,IBIXIA,C19 H18 P1,3,P 21 3,198,-0.0220292,-0.522029,0.0220292,5.25933,609.352,15.4804,379219
576,106,IBIXIA,Cl4 Mn1,-4 3 m,P 21 3,198,-0.058728,-0.058728,-0.058728,2.38137,56.5663,15.4804,379219
577,107,IBIXIA01,C19 H18 P1,3,P 21 3,198,0.813057,0.813057,0.813057,5.25956,609.429,15.5417,379220
578,108,IBIXIA01,C19 H18 P1,3,P 21 3,198,1.02017,0.520167,-0.0201668,5.26531,611.43,15.5417,379220
579,109,IBIXIA01,Cl4 Mn1,-4 3 m,P 21 3,198,0.942605,0.557395,0.442605,2.38339,56.7102,15.5417,379220
580,110,IMETNI01,C12 H30 I1 N4 Ni1,3,P 21 3,198,0.237948,0.737948,0.762052,4.08732,286.016,12.383,398744
581,111,ITAWAC,Br3 C36 H27 Ir1 N3,3,P 21 3,198,0.514775,0.485225,-0.0147754,6.56796,1186.77,22.5283,411349
582,112,IBIQEQ,C18 Cl4 Co1 H48 Mo3 P6 S4,3,P 21 3,198,0.44606,0.55394,0.0539402,6.01661,912.289,16.5291,379046
583,113,ITAWAC,Br3 C36 H27 Ir1 N3,3,P 21 3,198,0.93275,0.43275,0.0672505,6.40913,1102.74,22.5283,411349
584,114,ITESEG,B1 C24 Cu3 H51 N3 O16,3,P 21 3,198,0.94825,0.55175,0.44825,7.51106,1774.92,14.927,411694
585,115,ITESEG,B1 F4,-4 3 m,P 21 3,198,0.43242,0.43242,0.43242,1.34022,10.0833,14.927,411694
586,116,IWABOA,C14 H26 I1 N2,3,P 21 3,198,0.746822,0.246822,0.253178,5.83731,833.13,11.9987,414952
587,117,IWABOA,Cl1 O4,-4 3 m,P 21 3,198,0.735804,0.764196,0.235804,1.44455,12.6262,11.9987,414952
588,118,IYEMAB,C14 Fe4 H3 O12,3,P 21 3,198,0.473187,1.02681,0.973187,4.21573,313.83,12.4712,419591
589,119,ITAWAC,Br3 C36 H27 Ir1 N3,3,P 21 3,198,0.702614,0.797386,0.202614,6.4826,1141.1,22.5283,411349
590,120,ITAWAC,C1 Cl3 H1,3 m,P 21 3,198,0.54716,-0.04716,0.04716,1.70414,20.7296,22.5283,411349
591,121,ITAWAC,C1 Cl3 H1,3 m,P 21 3,198,0.129354,0.129354,0.129354,1.72553,21.5202,22.5283,411349
592,122,ITAWAC,C1 Cl3 H1,3 m,P 21 3,198,0.739884,0.096436,0.13258,1.74537,22.2711,22.5283,411349
593,123,HAVTAC,C54 Fe1 H66 N7 O1,3,P 21 3,198,0.246529,0.246529,0.246529,6.70583,1263.09,17.0345,339769
594,124,JIGMUH,C12 Cl10 O3 Ta3,3,P 21 3,198,0.608943,0.608939,0.608939,5.22525,597.582,15.28,437781
595,125,JIHDUZ,C6 H16 N4 P1,3,P 21 3,198,0.603448,0.603448,0.603448,3.1221,127.473,9.9443,437916
596,126,JENWOR,Au1 C15 Cl1 H39 N4 P1 Si3 W1,3,P 21 3,198,0.414931,0.414931,0.414931,6.44078,1119.15,13.7582,433940
597,127,IYUTON,C15 H36 N6 Ni1,3,P 21 3,198,0.875875,1.12412,0.624125,5.81002,821.502,13.3212,420931
598,128,JOFFAL,C18 Cl3 Ru2,3 2,P 21 3,198,0.240042,0.240042,0.240042,4.34274,343.058,13.281,444221
599,129,JOFFAL,B1 F4,-4 3 m,P 21 3,198,0.75532,0.75532,0.75532,1.38066,11.024,13.281,444221
600,130,JURGIO,C30 H36 N3,3,P 21 3,198,0.179733,-0.820267,0.179733,8.38689,2471.04,14.759,454690
601,131,JURGIO,Cd1 Cl4,-4 3 m,P 21 3,198,0.0483136,-0.951686,0.0483136,2.45622,62.0692,14.759,454690
602,132,JURGOU,C30 H36 N3,3,P 21 3,198,-0.178474,-1.17847,-0.178474,8.35422,2442.27,14.6693,454692
603,133,JURGOU,Cl4 Zn1,-4 3 m,P 21 3,198,-0.0484168,-1.04842,-0.0484168,2.2752,49.3328,14.6693,454692
604,134,GINJEU,O62 P2 W18,-6 m 2,P 21 3,198,0.484632,0.515368,1.01537,6.90708,1380.25,21.4954,310598
605,135,GINJEU,C1 O3,3 m,P 21 3,198,1.25175,0.24825,0.75175,1.54867,15.5579,21.4954,310598
606,136,JURGUA,C30 H36 N3,3,P 21 3,198,-0.321114,-0.321114,-0.321114,8.37466,2460.24,14.7135,454693
607,137,JURGUA,Cl4 Mn1,-4 3 m,P 21 3,198,-0.0483246,-0.548325,0.0483246,2.36202,55.1986,14.7135,454693
608,138,JURHEL,C30 H36 N3,3,P 21 3,198,0.070142,-0.429858,-0.070142,8.39767,2480.57,14.9853,454698
609,139,JURHEL,Br4 Zn1,3 m,P 21 3,198,-0.203438,-0.796562,-0.296562,2.43388,60.3912,14.9853,454698
610,140,JURHAH,C30 H36 N3,3,P 21 3,198,-0.678823,-1.17882,-0.321177,8.35444,2442.46,14.654,454696
611,141,JURHAH,Cl4 Co1,-4 3 m,P 21 3,198,-0.0486338,-0.451366,-0.548634,2.27605,49.3882,14.654,454696
612,142,JURHIP,C33 H42 N3,3,P 21 3,198,-0.582401,-0.917599,-0.0824005,9.43236,3515.09,15.1987,454700
613,143,JURHIP,Cd1 Cl4,-4 3 m,P 21 3,198,-0.287441,-1.28744,-0.287441,2.47298,63.3486,15.1987,454700
614,144,KIZKEJ,C18 Cl3 P2 Si6 Ti1,3,P 21 3,198,0.499129,0.500871,0.000871,5.77379,806.23,15.53,484865
615,145,KOFFAM01,C18 H21 N4,3,P 21 3,198,0.631525,0.631525,0.631525,5.603,736.782,13.2347,486604
616,146,KOFFAM01,Cl1 O4,-4 3 m,P 21 3,198,0.784398,0.784398,0.784398,1.44976,12.7635,13.2347,486604
617,147,JURJAJ,C33 H42 N3,3,P 21 3,198,0.168188,-0.831812,0.168188,9.40092,3480.07,15.155,454706
618,148,KOFFAM01,Cl1 O4,-4 3 m,P 21 3,198,0.409622,0.409622,0.409622,1.44505,12.6394,13.2347,486604
619,149,JURJAJ,Cl4 Zn1,-4 3 m,P 21 3,198,0.0416822,-0.958318,0.0416822,2.27057,49.0319,15.155,454706
620,150,KOFFAM01,Cl1 O4,-4 3 m,P 21 3,198,0.094594,0.094594,0.094594,1.4509,12.7935,13.2347,486604
621,151,JURHOV,C33 H36 N3,3,P 21 3,198,0.171058,-0.671058,-0.328942,9.39899,3477.92,15.1477,454702
622,152,JURHUB,C33 H39 N3,3,P 21 3,198,-0.419276,-0.419276,-0.419276,9.47399,3561.84,15.208,454703
623,153,JURHUB,Cl4 Hg1,3 m,P 21 3,198,-0.213418,-0.713418,-0.786582,2.523,67.2711,15.208,454703
624,154,JURHOV,Cl4 Co1,-4 3 m,P 21 3,198,-0.0416714,-1.04167,-0.0416714,2.27422,49.2692,15.1477,454702
625,155,LAVROP01,C21 H45 N3 Ni1 O3,3,P 21 3,198,0.685516,0.685516,0.685516,6.16708,982.458,14.008,509539
626,156,LAVROP02,C21 H45 N3 Ni1 O3,3,P 21 3,198,0.685711,0.685711,0.685711,6.30327,1048.99,14.008,509540
627,157,LAVROP01,F6 P1,m -3 m,P 21 3,198,0.478796,0.478796,0.478796,1.61264,17.5666,14.008,509539
628,158,LAVROP01,N1 O3,-6 m 2,P 21 3,198,0.111625,0.111625,0.111625,1.25503,8.28023,14.008,509539
629,159,LAVROP02,F6 P1,m -3 m,P 21 3,198,0.478791,0.478791,0.478791,1.61319,17.5847,14.008,509540
630,160,LAVROP02,N1 O3,-6 m 2,P 21 3,198,0.111643,0.111643,0.111643,1.25494,8.27831,14.008,509540
631,161,LIZKIO,C9 Cl1 Cu1 H27 N1 Sn3,3,P 21 3,198,0.355977,0.144023,0.855977,4.53149,389.763,15.504,529588
632,162,LIZKIO,C9 Cl1 Cu1 H27 N1 Sn3,3,P 21 3,198,0.354079,0.354079,1.35408,4.51623,385.838,15.504,529588
633,163,KURTIA01,C12 Cu1 H36 P4,3,P 21 3,198,0.543779,0.543779,0.543779,4.3248,338.825,13.4832,498366
634,164,KURTIA01,Cl2 Cu1,6/m,P 21 3,198,0.86648,0.86648,0.86648,2.08734,38.0941,13.4832,498366
635,165,KURTIA,C12 Cu1 H36 P4,3,P 21 3,198,0.0440566,0.0440566,0.0440566,4.29865,332.715,13.584,498365
636,166,KURTIA,Cl2 Cu1,6/m,P 21 3,198,0.366933,0.366933,0.366933,2.07205,37.2628,13.584,498365
637,167,LAVROP03,C21 H45 N3 Ni1 O3,3,P 21 3,198,0.686167,0.686167,0.686167,6.32307,1058.91,14.008,509541
638,168,LAVROP03,N1 O3,-6 m 2,P 21 3,198,0.111693,0.111693,0.111693,1.25567,8.2929,14.008,509541
639,169,NAMXOP,C6 N2,-6 m 2,P 21 3,198,0.340238,0.159763,0.840237,1.61042,17.4942,10.9842,599566
640,170,NAMXOP,Mo1 S4,-4 3 m,P 21 3,198,0.5793,0.0793,0.4207,2.19551,44.3282,10.9842,599566
641,171,LAVROP03,F6 P1,m -3 m,P 21 3,198,0.478725,0.478725,0.478725,1.61192,17.543,14.008,509541
642,172,NAUACE03,C6 H9 O8 U1,3,P 21 3,198,0.31372,0.81372,0.68628,4.77641,456.436,10.721,602491
643,173,NOPTUJ,C9 H9 O8 U1,3,P 21 3,198,-1.20329,0.203294,-0.296706,6.0609,932.582,11.5509,628968
644,174,NOPTUJ,H4 N1,3 m,P 21 3,198,-1.09382,-0.09382,-0.09382,0.909709,3.15343,11.5509,628968
645,175,OBENIT,C9 H12 O9 Ti1,3,P 21 3,198,-0.111592,-0.111592,-0.111592,4.37957,351.861,11.649,641802
646,176,NAUACE01,C6 H9 O8 U1,3,P 21 3,198,0.435115,0.435115,0.435115,4.85683,479.882,10.689,602489
647,177,OBENIT,H4 N1,3 m,P 21 3,198,-0.3787,0.3787,-0.1213,1.24692,8.12062,11.649,641802
648,178,OBENIT,H4 N1,3 m,P 21 3,198,-0.273,-0.273,-0.273,1.03132,4.5947,11.649,641802
649,179,NEZNUC,C6 Eu1 F18 H6 N3 O15 S6,3,P 21 3,198,0.447722,0.447722,0.447722,5.91453,866.638,18.4702,613770
650,180,NEZNUC,C6 Eu1 F18 H6 N3 O15 S6,3,P 21 3,198,0.200971,0.200971,0.200971,6.08652,944.457,18.4702,613770
651,181,OCEGUA,C19 H36 N3,3,P 21 3,198,0.805402,0.194598,0.694598,6.11053,955.681,12.893,644256
652,182,NOWSUP,C18 Cu1 H42 N6,3,P 21 3,198,0.38142,0.88142,0.61858,6.30203,1048.37,14.1727,631096
653,183,NOWSUP,H2 O1,m m 2,P 21 3,198,0.461933,1.14371,0.420167,0.704037,1.46171,14.1727,631096
654,184,OLIKEB,C27 H18 N3 O4 P1,3,P 21 3,198,0.0192951,0.519295,0.980705,7.02092,1449.63,13.3936,660182
655,185,OJUGIL,C30 H36 N18 Ru1,3,P 21 3,198,0.627959,0.127959,0.372041,6.64636,1229.78,16.5615,656838
656,186,OJUGIL,F6 P1,-3 m,P 21 3,198,0.0954086,0.0954086,0.0954086,1.58856,16.7914,16.5615,656838
657,187,OJUGIL,F6 P1,-3 m,P 21 3,198,0.881479,0.118521,0.618521,1.59097,16.8679,16.5615,656838
658,188,PAJTAY,Br1 C18 Co1 H18 N4,3,P 21 3,198,0.362747,0.362747,0.362747,5.59469,733.505,12.626,684056
659,189,OYEBOK,C36 Cd3 Cu1 H30 I3 S6,3,P 21 3,198,-0.0595822,0.940418,0.940418,7.83118,2011.68,25.6177,677989
660,190,PEMMEB,C39 H45 Mn1 N8,3,P 21 3,198,0.271774,0.728226,0.228226,5.98803,899.35,17.9947,695295
661,191,OKIPOP,C51 Cl3 H60 Mo3 N3 P3 S4,3,P 21 3,198,0.422584,0.077416,-0.077416,8.40367,2485.9,19.0728,658219
662,192,OKIPOP,B1 F4,3 m,P 21 3,198,0.1638,0.1638,0.1638,1.4173,11.9251,19.0728,658219
663,193,PEMMEB,C6 H6,6/m m m,P 21 3,198,0.269033,0.0752692,0.367461,2.32583,52.7001,17.9947,695295
664,194,POHCOE,C6 H18 O1 Sb3,3,P 21 3,198,0.435332,0.435332,0.435332,3.98743,265.555,11.165,712510
665,195,PULTOH,C6 F18 H6 N3 Nd1 O15 S6,3,P 21 3,198,0.201496,0.701496,0.798504,6.10378,952.518,18.4695,723678
666,196,PEMMEB,F6 P1,m -3 m,P 21 3,198,0.0128543,0.987146,0.487146,1.59872,17.1156,17.9947,695295
667,197,PEMMEB,F6 P1,m -3 m,P 21 3,198,0.0913786,0.0913786,0.0913786,1.60039,17.1695,17.9947,695295
668,198,PULTOH,C6 F18 H6 N3 Nd1 O15 S6,3,P 21 3,198,0.447517,0.947517,0.552483,5.90742,863.515,18.4695,723678
669,199,OKIPUV,C51 Cl3 H60 Mo3 N3 P3 S4,3,P 21 3,198,-0.93651,-0.93651,0.0634905,8.39273,2476.2,19.5506,658223
670,200,OKIPUV,C7 H8,1,P 21 3,198,-1.03749,-0.730733,-0.28402,2.90097,102.26,19.5506,658223
671,201,PULVEZ,C6 F18 Gd1 H6 N3 O15 S6,3,P 21 3,198,0.451076,0.548924,0.0489239,6.07265,938.019,18.3973,723691
672,202,PULVOJ,C6 Ce1 F18 H6 N3 O15 S6,3,P 21 3,198,0.202354,0.702354,0.797646,6.13004,964.863,18.5172,723697
673,203,OKIPUV,B1 F4,-4 3 m,P 21 3,198,-0.77036,-0.72964,-0.27036,1.37821,10.9652,19.5506,658223
674,204,PULVEZ,C6 F18 Gd1 H6 N3 O15 S6,3,P 21 3,198,0.801857,0.698143,0.301857,5.90968,864.505,18.3973,723691
675,205,PULVOJ,C6 Ce1 F18 H6 N3 O15 S6,3,P 21 3,198,0.447095,0.947095,0.552905,5.90962,864.48,18.5172,723697
676,206,PUZQOQ,C9 Cl3 H27 In1 N1 Sn3,3,P 21 3,198,1.0264,0.026398,0.026398,4.21051,312.666,12.9021,728595
677,207,QAMBAI,C18 Cl1 Co1 H18 N4,3,P 21 3,198,0.137476,0.137476,0.137476,5.58605,730.114,12.3978,734293
678,208,PUZQUW,Br3 C9 H27 In1 N1 Sn3,3,P 21 3,198,0.222073,0.277927,0.722073,4.29257,331.304,12.989,728599
679,209,QAMBAI01,C18 Cl1 Co1 H18 N4,3,P 21 3,198,0.362525,0.362525,0.362525,5.58618,730.163,12.394,734294
680,210,QIRWIZ,C12 Cl1 Cr1 H30 N4,3,P 21 3,198,0.26633,0.73367,0.23367,4.14017,297.255,11.9655,751896
681,211,QOSVEZ,C9 H27 N4,3,P 21 3,198,0.70835,0.70835,0.70835,4.52235,387.409,11.4807,761143
682,212,QAZLUA,C30 Co1 H24 N6,3,P 21 3,198,0.54005,0.95995,0.0400505,5.61889,743.068,15.7518,739268
683,213,QOZGUJ,C12 H24 O38 Th6,3,P 21 3,198,-0.568023,-0.931977,-0.0680233,5.91625,867.391,18.457,763452
684,214,QOZKOI,H4 N1,3 m,P 21 3,198,0.10382,0.60382,0.89618,1.01409,4.36828,7.586,763516
685,215,QOZKOI,O4 P1,3 m,P 21 3,198,0.358878,0.141122,0.858878,1.57643,16.4097,7.586,763516
686,216,QUZKAA,Br1 C21 H36 Mg1 N6,3,P 21 3,198,0.600967,0.600967,0.600967,6.28789,1041.34,17.1849,773900
687,217,QUZKAA,Br2 C21 H36 Mg1 N6,3,P 21 3,198,0.166299,0.333701,0.666299,6.47022,1134.58,17.1849,773900
688,218,PUWPIJ,C69 Ce1 H69 N6,3,P 21 3,198,0.766115,0.766115,0.766115,8.16588,2280.79,18.5568,727349
689,219,RANJIA,C24 Cl1 Fe1 H54 N1 P3,3,P 21 3,198,1.00848,0.00847655,0.00847655,5.78473,810.822,14.8923,778944
690,220,QAZLUA,Mo6 O19,m -3 m,P 21 3,198,0.536375,0.463625,-0.0363752,4.00412,268.905,15.7518,739268
691,221,RETNIN,C3 H9 Li1 N1,3,P 21 3,198,0.11115,0.11115,0.11115,2.66065,78.8934,11.476,790470
692,222,RARCAP,C6 F18 H6 La1 N3 O15 S6,3,P 21 3,198,0.303641,0.696359,0.196359,5.91309,866.003,18.5702,780164
693,223,RETNIN,C7 H21 W1,3,P 21 3,198,0.367624,0.367624,0.367624,3.2908,149.273,11.476,790470
694,224,RANJIA,F6 P1,m -3 m,P 21 3,198,0.898751,0.398751,0.101249,1.60215,17.2261,14.8923,778944
695,225,RARCAP,C6 F18 H6 La1 N3 O15 S6,3,P 21 3,198,0.0471853,0.0471853,0.0471853,6.15558,976.973,18.5702,780164
696,226,RUTREF,C15 H12 N3 O3 S3 Si1,3,P 21 3,198,0.472717,0.472717,0.472717,6.15154,975.049,13.9483,814977
697,227,RUTREF,C1 Cl3 D1,3 m,P 21 3,198,0.133904,0.366096,0.633904,1.71352,21.0738,13.9483,814977
698,228,RUTREF,C1 Cl3 D1,3 m,P 21 3,198,0.303998,0.303998,0.303998,1.72065,21.3378,13.9483,814977
699,229,ROGMAE01,C9 H9 O8 U1,3,P 21 3,198,0.202715,-0.702715,-0.297285,6.07377,938.536,11.5861,803263
700,230,SAFCOV,C12 H30 I1 N4 Zn1,3,P 21 3,198,0.263257,0.263257,0.263257,4.09694,288.041,12.567,818711
701,231,RONDAZ,C9 H28 N1 Sn3,3,P 21 3,198,0.359295,0.640715,0.140715,4.22313,315.485,15.587,805797
702,232,SIFXIQ,Br1 C12 H30 Mg1 N4,3,P 21 3,198,0.48557,0.48557,0.48557,4.11939,292.802,12.193,837966
703,233,RONDAZ,C9 H28 N1 Sn3,3,P 21 3,198,0.637328,0.362672,-0.137328,4.21026,312.609,15.587,805797
704,234,TANYEM,C3 Fe1 N1 O4,3 m,P 21 3,198,0.543829,0.543829,0.543829,3.08473,122.949,8.853,868929
705,235,SEWBUS,C23 H30 N6 Zn1,3,P 21 3,198,0.682857,0.317143,0.817143,5.87915,851.174,13.9397,834944
706,236,SEWBUS,Cl1 O4,3 m,P 21 3,198,0.919412,0.919412,0.919412,1.37497,10.8882,13.9397,834944
707,237,SEWBUS,Cl1 O4,-4 3 m,P 21 3,198,0.413638,0.086362,0.913638,1.43808,12.4574,13.9397,834944
708,238,TAVVOE,C19 Co1 H39 N2 S4,3,P 21 3,198,0.692617,0.192617,0.307383,5.59636,734.164,14.1508,871545
709,239,TAVVOE,Cl1 O4,-4 3 m,P 21 3,198,0.842034,0.657966,0.342034,1.44164,12.55,14.1508,871545
710,240,TIXGOY,C18 H38 N2 O6,3,P 21 3,198,0.250591,0.249409,0.750591,4.74473,447.414,16.3228,891357
711,241,TIXGOY,C6 H18 I4 O6 Zn4,3,P 21 3,198,0.180608,0.180608,0.180608,4.8825,487.532,16.3228,891357
712,242,SOJDUQ,C24 Cu3 H54 N12 O1,3,P 21 3,198,-0.135531,-0.135531,-0.135531,5.43526,672.57,20.443,848078
713,243,TORMUK,C45 H48 N6 Ni1 O3,3,P 21 3,198,0.113385,0.613385,0.886615,8.41766,2498.33,17.5584,898655
714,244,TORMUK,Cl1 O4,3 m,P 21 3,198,0.261262,0.738738,0.238738,1.3855,11.1402,17.5584,898655
715,245,TORMUK,Cl1 O4,3 m,P 21 3,198,0.78563,0.71437,0.28563,1.35988,10.5335,17.5584,898655
716,246,TORMUK,C2 H3 N1,3 m,P 21 3,198,0.977817,0.368617,0.226533,2.012,34.1159,17.5584,898655
717,247,TRIAEH01,C6 H21 N4,3,P 21 3,198,-0.232326,-0.232326,-0.232326,3.39466,163.857,10.87,901889
718,248,TRIAEH02,C6 H21 N4,3,P 21 3,198,-0.483961,-0.0160394,0.0160394,3.53514,185.053,10.875,901890
719,249,SOJDUQ,C24 Cu3 H54 N12 O1,3,P 21 3,198,0.133976,0.133976,0.133976,5.46494,683.648,20.443,848078
720,250,SOJDUQ,Cl1 O4,-4 3 m,P 21 3,198,0.313218,0.313218,0.313218,1.37675,10.9304,20.443,848078
721,251,TRIAEH03,C6 H21 N4,3,P 21 3,198,0.985235,0.485235,0.0147645,3.47825,176.261,10.882,901891
722,252,SOJDUQ,Cl1 O4,-4 3 m,P 21 3,198,0.5095,0.5095,0.5095,1.40808,11.6939,20.443,848078
723,253,SOJDUQ,Cl1 O4,-4 3 m,P 21 3,198,-0.43452,-0.246928,-0.16018,1.3872,11.1813,20.443,848078
724,254,SOJDUQ,Cl1 O4,-4 3 m,P 21 3,198,-0.094772,-0.080108,0.17659,1.40768,11.6839,20.443,848078
725,255,UROVIH,C12 Cl1 Cu1 H30 N4,3,P 21 3,198,0.515446,0.484554,0.984554,4.06154,280.638,11.8548,938455
726,256,VADFOV,C16 N3,3,P 21 3,198,0.541342,-0.458658,0.541342,6.14454,971.725,12.886,950667
727,257,VADFOV,Cl1 O4,-4 3 m,P 21 3,198,0.618002,0.118002,0.381998,1.45253,12.8366,12.886,950667
728,258,VADFOV,Cl1 O4,-4 3 m,P 21 3,198,0.209028,0.209028,0.209028,1.44115,12.5374,12.886,950667
729,259,TUJNAO,C30 Co1 H24 N6,3,P 21 3,198,0.289922,0.789922,0.710078,5.61534,741.658,15.7754,904858
730,260,VATKIL01,C6 H21 N4,3,P 21 3,198,0.492768,0.492768,0.492768,3.4833,177.03,11.089,956972
731,261,TIJDEW,C39 H51 N6,3,P 21 3,198,0.539673,0.539673,0.539673,5.95667,885.291,16.6032,886348
732,262,TIJDEW,Cl4 Fe1,-4 3 m,P 21 3,198,0.051998,0.448002,0.551998,2.20731,45.0472,16.6032,886348
733,263,TIJDEW,Cl4 Fe1,3 m,P 21 3,198,0.253362,0.253362,0.253362,2.23987,47.0701,16.6032,886348
734,264,VOBXEP,C6 H21 N4,3,P 21 3,198,-0.246459,-0.246459,-0.246459,3.54117,186.001,11.858,978109
735,265,VOBXEP,Cl1 O4,-4 3 m,P 21 3,198,0.043654,0.043654,0.043654,1.42855,12.2112,11.858,978109
736,266,VOBXEP,Cl1 O4,-4 3 m,P 21 3,198,0.562972,0.562972,0.562972,1.43517,12.3818,11.858,978109
737,267,VOBXEP,Cl1 O4,-4 3 m,P 21 3,198,0.27723,0.27723,0.27723,1.43115,12.2782,11.858,978109
738,268,VOBXEP01,C6 H21 N4,3,P 21 3,198,0.00256774,-0.00256774,-0.502568,3.57096,190.735,11.884,978110
739,269,VOBXEP01,Cl1 O4,-4 3 m,P 21 3,198,0.293972,0.706028,0.206028,1.42382,12.0903,11.884,978110
740,270,VOBXEP01,Cl1 O4,-4 3 m,P 21 3,198,0.687328,0.812672,0.187328,1.43924,12.4876,11.884,978110
741,271,VOBXEP01,Cl1 O4,-4 3 m,P 21 3,198,0.027828,0.027828,0.027828,1.43328,12.3331,11.884,978110
742,272,VUYDEZ,C6 H21 N3 Ni1 O3,3,P 21 3,198,1.00638,0.506382,0.993618,3.25075,143.889,11.3,992952
743,273,VUYDEZ,N1 O3,-6 m 2,P 21 3,198,0.946525,0.946525,0.946525,1.24817,8.14507,11.3,992952
744,274,VETQER,C48 H36 N2 S6,3,P 21 3,198,0.742673,0.242673,0.257327,8.97987,3033.1,16.006,966290
745,275,WILZIA01,Au1 C24 H54 P2,3,P 21 3,198,0.985694,0.0143057,0.514306,5.47734,688.313,14.3319,1015790
746,276,WOKSUM,C12 H15 O8 U1,3,P 21 3,198,0.560558,0.0605581,-0.560558,7.11388,1507.98,12.4521,1023659
747,277,TUJNAO,O19 W6,m -3 m,P 21 3,198,0.785874,0.785874,0.785874,4.02589,273.315,15.7754,904858
748,278,WILZIA,Au1 C24 H54 P2,3,P 21 3,198,0.234383,0.734383,0.765617,5.47341,686.83,14.297,1015789
749,279,XICREH,B1 C7 H16 N1,3,P 21 3,198,0.742631,0.242631,0.257369,2.99341,112.35,9.2919,1056042
750,280,XOLVEC,Bi2 Br9,3,P 21 3,198,0.973638,-0.0263618,0.973638,4.16578,302.806,14.5215,1068047
751,281,XEWHUE,C54 Fe1 H48 N6,3,P 21 3,198,0.887118,0.612882,0.387118,7.38011,1683.7,17.37,1053772
752,282,XEWHUE,Cl1 O4,-4 3 m,P 21 3,198,0.066512,0.433488,0.566512,1.42823,12.2031,17.37,1053772
753,283,XEWQIA,C10 Cu1 H21 N3 O1,3,P 21 3,198,0.731358,0.268642,0.768642,4.18874,307.841,11.3362,1053900
754,284,XEWHUE,Cl1 O4,-4 3 m,P 21 3,198,0.948672,0.448672,0.051328,1.41096,11.7659,17.37,1053772
755,285,XEWHUE,C2 H3 N1,3 m,P 21 3,198,0.905917,0.0940833,0.594083,2.06438,36.8507,17.37,1053772
756,286,XEWQIA,Cl1 O4,-4 3 m,P 21 3,198,0.719358,0.219358,0.280642,1.41689,11.9148,11.3362,1053900
757,287,XOLVEC,C3 H9 S1,3 m,P 21 3,198,0.249979,0.249979,0.249979,2.2577,48.2032,14.5215,1068047
758,288,XOLVEC,C3 H9 S1,3 m,P 21 3,198,1.02372,0.523722,0.976278,2.25106,47.779,14.5215,1068047
759,289,XUNHIY,As2 C36 H30 S6,3,P 21 3,198,0.0409934,-0.0409934,1.45901,6.14218,970.607,16.3746,1077429
760,290,XUNHIY,C1 Cl3 H1,3 m,P 21 3,198,0.5301,0.0301,1.4699,1.72813,21.6173,16.3746,1077429
761,291,XUNHIY,C1 Cl3 H1,3 m,P 21 3,198,0.78687,0.78687,0.78687,1.70457,20.7455,16.3746,1077429
762,292,XOLVEC,C3 H9 S1,3 m,P 21 3,198,0.795685,0.295685,0.204315,2.23874,46.999,14.5215,1068047
763,293,XUGSOJ,C51 Fe1 H51 N9,3,P 21 3,198,0.62549,0.37451,0.87451,8.01488,2156.59,17.3767,1075141
764,294,XUGSOJ,Cl1 O4,-4 3 m,P 21 3,198,0.79857,0.20143,0.70143,1.39862,11.4598,17.3767,1075141
765,295,XUGSOJ,Cl1 O4,-4 3 m,P 21 3,198,0.266486,0.233514,0.766486,1.44509,12.6405,17.3767,1075141
766,296,YIWKUL,Br1 C18 Cu1 H18 N4,3,P 21 3,198,0.1128,0.3872,0.6128,5.58977,731.572,12.6335,1107068
767,297,YAPNIM,C24 Co1 H27 N7 O3,3,P 21 3,198,0.362413,0.362413,0.362413,6.09431,948.09,15.069,1087552
768,298,YOQGAO,C6 H21 N3 Ni1 O3,3,P 21 3,198,0.751328,0.751328,0.751328,3.42317,168.02,11.4822,1113784
769,299,YOQGAO,N1 O3,-6 m 2,P 21 3,198,0.683975,0.316025,0.816025,1.23291,7.84992,11.4822,1113784
770,300,YOQGAO,N1 O3,-6 m 2,P 21 3,198,0.4921,0.5079,1.0079,1.18562,6.98086,11.4822,1113784
771,301,YOSRAZ,C6 H8 O6,1,P 21 3,198,0.251722,0.149342,0.502273,2.93255,105.636,12.817,1114737
772,302,YAPNIM,F6 P1,m -3 m,P 21 3,198,0.599171,0.599171,0.599171,1.56214,15.9675,15.069,1087552
773,303,ZEZYEI,Be1 C15 Cl1 H24 N6,3,P 21 3,198,0.0118666,0.488134,0.511866,4.8117,466.63,15.707,1138233
774,304,YAPNIM,F6 P1,m -3 m,P 21 3,198,0.0552,0.0552,0.0552,1.57133,16.251,15.069,1087552
775,305,YAPNIM,C2 N1,1,P 21 3,198,-0.1458,-0.1458,-0.1458,1.37809,10.9626,15.069,1087552
776,306,ZEZYEI,Be1 C15 Cl1 H24 N6,3,P 21 3,198,-0.00597298,0.494027,0.00597298,4.89462,491.17,15.707,1138233
777,307,ZIDYET,C6 H14 N2,3 2,P 21 3,198,-0.257748,1.24225,0.257748,2.37523,56.1295,14.2859,1139136
778,308,ZIDYET,C6 H14 N2,3 2,P 21 3,198,0.256215,0.756215,0.743785,2.37,55.7601,14.2859,1139136
779,309,ZIDYET,H3 O1,3 m,P 21 3,198,0.003625,1.00362,0.003625,0.75258,1.78539,14.2859,1139136
780,310,ZIDYET,H3 O1,3 m,P 21 3,198,-0.00277,1.00277,0.50277,0.707041,1.4805,14.2859,1139136
781,311,ZUQGUP,C30 H39 N4 O3 P1,3,P 21 3,198,0.730077,0.769923,0.230077,7.35438,1666.15,18.1117,1154790
782,312,ZIDYET,Cl1 O4,-4 3 m,P 21 3,198,0.002628,0.985696,0.241116,1.4419,12.5568,14.2859,1139136
783,313,ZIDYET,Cl1 O4,-4 3 m,P 21 3,198,0.000798,1.01531,0.74433,1.44325,12.5922,14.2859,1139136
784,314,YICTUA,C40 Cl3 H66 N6 Ni2 O6,3,P 21 3,198,-0.029398,-0.029398,-0.029398,6.8428,1342.08,17.863,1100511
785,315,YICTUA,C2 H6 O1,1,P 21 3,198,0.555989,-0.16289,-0.0707,2.20568,44.9471,17.863,1100511
786,316,ZZZWKI01,C9 H15 O8 U1,3,P 21 3,198,0.695554,0.195554,0.304446,6.03338,919.936,11.4329,1161836
787,317,ZZZWJS01,C6 Np1 O8,3 m,P 21 3,198,0.181383,0.181383,0.181383,4.34335,343.202,10.638,1161833
788,318,ZUQGUP,C30 H39 N4 O3 P1,3,P 21 3,198,0.971106,-0.0288944,-0.0288944,7.28177,1617.29,18.1117,1154790
789,319,ZZZWKM13,C9 H15 O8 U1,3,P 21 3,198,0.549081,0.450919,-0.0490812,6.12328,961.677,11.605,1161842
790,320,ZZZWKM13,H4 N1,-4 3 m,P 21 3,198,0.85002,0.35002,0.14998,0.988073,4.04057,11.605,1161842
791,321,OYEBOK,C116 Cu8 H102 N4 P4 S6,3,P 21 3,198,0.639982,0.639982,0.639982,9.04024,3094.68,25.6177,677989
792,322,OYEBOK,C2 H3 N1,3 m,P 21 3,198,0.663683,0.916017,0.8886,2.14999,41.6281,25.6177,677989
793,0,JUFWUC,C12 Cs4 H36 N4 Si4,2 3,P 2 3,195,0.0,0.0,0.0,5.79725,816.097,9.201,451669
794,0,KERGEV,C6 Fe1 O12,3,P 41 3 2,213,0.513463,0.486537,-0.0134632,4.05933,280.18,13.597,472974
795,1,RORRAR,C6 Fe1 O12,3,P 41 3 2,213,0.0133063,0.0133063,0.0133063,4.04323,276.861,13.555,806938
796,2,PHSNSB,C2 H6 N6 S3 Si2,3 2,P 41 3 2,213,0.375,0.375,0.375,4.01982,272.08,10.245,701264
797,3,SERNAE,Al1 C6 H6 O9,3,P 41 3 2,213,-0.0246655,-0.0246655,-0.0246655,3.92193,252.683,12.872,833355
798,4,VIDTEK,C6 Fe1 O12,3 2,P 41 3 2,213,-0.0114616,0.488538,0.0114616,4.01465,271.03,13.7995,969837
799,5,SERNAE10,Al2 C12 H15 O18,3 2,P 41 3 2,213,-0.125,-0.125,-0.125,5.18095,582.511,12.872,833356
800,6,EWEPEE,Ag3 C12 H36 N6 Rh2 S6,3 2,P 41 3 2,213,0.636037,0.636037,0.636037,5.77454,806.545,19.329,233577
801,7,EWEPEE,C4 H4 O6,2,P 41 3 2,213,0.750924,0.999076,0.875,2.81817,93.7518,19.329,233577
802,8,EWEFIY,Ag3 C12 Co2 H36 N6 S6,3 2,P 41 3 2,213,0.636199,0.636199,0.636199,5.74675,794.955,19.2754,233432
803,9,EWEFIY,C4 H4 O6,2,P 41 3 2,213,0.750427,0.999573,0.875,2.79872,91.8239,19.2754,233432
804,0,YOPRIF,Br3 C23 H12 N3 O6,3,P 4 3 2,207,0.225055,0.225055,0.225055,6.06625,935.054,18.608,1113566
805,1,ALIHOV,Al8 Br8 C80 H64 N16 O24,4 2 2,P 4 3 2,207,1.0,1.0,0.5,11.0399,5636.07,21.1427,20208
806,0,ANTTFA,C6 F9 O6 Sb1,3,P 43 3 2,212,-0.00629955,-0.00629955,-0.00629955,4.7157,439.252,13.84,25496
807,1,NIRQOU,C6 Fe1 O12,3,P 43 3 2,212,0.986647,0.986647,0.986647,4.03806,275.801,13.536,620359
808,2,GUANSL02,C1 H6 N3,-6 m 2,P 43 3 2,212,0.467613,0.217613,0.375,1.91726,29.5202,17.8273,323458
809,3,GUANSL02,C1 H6 N3,1,P 43 3 2,212,0.411193,-0.165028,0.361335,1.95498,31.297,17.8273,323458
810,4,GUANSL02,C1 H6 N3,-6 m 2,P 43 3 2,212,0.125,-0.125,0.375,1.91615,29.4688,17.8273,323458
811,5,GUANSL02,O4 S1,-4 3 m,P 43 3 2,212,0.297504,0.047504,0.375,1.48331,13.6701,17.8273,323458
812,6,GUANSL02,O4 S1,-4 3 m,P 43 3 2,212,0.444742,0.444742,0.444742,1.48701,13.7727,17.8273,323458
813,7,VIDTAG,C6 Fe1 O12,3 2,P 43 3 2,212,0.261478,0.738522,0.238522,4.01232,270.559,13.8058,969834
814,8,WIBCUF02,C18 H15 I2 Sb1,3 2,P 43 3 2,212,0.375,0.125,0.875,5.80735,820.37,12.365,1011877
815,9,ZZZWMY01,C21 Cl2 H12 Sb1,3 2,P 43 3 2,212,0.125,0.125,0.125,6.38514,1090.4,12.729,1161857
816,10,ZZZWNC01,Br2 C21 Sb1,3 2,P 43 3 2,212,0.875,0.375,1.125,6.40853,1102.43,12.859,1161859
817,11,EWEPOO,Ag3 C12 Co2 H36 N6 S6,3 2,P 43 3 2,212,0.363813,0.363813,0.363813,5.74949,796.092,19.2722,233585
818,12,EWEPOO,C4 H4 O6,2,P 43 3 2,212,0.249673,0.0003275,0.125,2.79726,91.6798,19.2722,233585
819,13,ZZZWNC02,Br2 C21 H18 Sb1,3 2,P 43 3 2,212,0.875,0.375,1.125,6.75638,1291.87,12.7068,1161860
820,14,ZZZWMY02,C21 Cl2 H12 Sb1,3 2,P 43 3 2,212,0.875,0.625,0.375,6.40813,1102.22,12.6113,1197341
821,15,REYGIL,C15 Cl3 N3 O8 Os3 S2,3 2,P 43 3 2,212,0.625,0.625,0.625,6.39492,1095.42,13.458,792065
822,16,EWEPAA,Ag3 C12 H36 N6 Rh2 S6,3 2,P 43 3 2,212,0.363928,0.363928,0.363928,5.77704,807.592,19.3336,233570
823,17,EWEPAA,C4 H4 O6,2,P 43 3 2,212,0.248977,0.00102343,0.125,2.80998,92.9362,19.3336,233570
824,0,FUBYUW,C4 Co1 O4,-4 3 m,P -4 3 m,215,0.5,0.5,0.5,2.88739,100.83,5.542,280030
825,1,YUMNUP,B4 C16 H36 Zr1,-4 3 m,P -4 3 m,215,1.0,1.0,1.0,4.99199,521.072,8.666,1121330
826,0,CESVEC,C24 Cd1 H30 N12 S6,3,P -4 3 n,218,0.172775,0.172775,0.172775,6.27843,1036.64,19.491,112896
827,1,CESVEC,Cl1 O4,-4 3 m,P -4 3 n,218,0.0,0.0,0.0,1.41351,11.8296,19.491,112896
828,2,CESVEC,Cl1 O4,-4 3 m,P -4 3 n,218,0.5,0.0,0.25,1.44815,12.7208,19.491,112896
829,3,CESVEC,Cl1 O4,-4 3 m,P -4 3 n,218,0.808478,0.191522,0.191522,1.43403,12.3524,19.491,112896
830,4,FEKPIV,C24 H52 Ni4 O8 P4,-4,P -4 3 n,218,1.0,0.25,0.5,6.20798,1002.13,18.9491,254655
831,5,BUPVIR,C24 Cr4 S4,-4,P -4 3 n,218,0.25,0.5,0.0,4.55126,394.886,16.176,90998
832,6,FISCOC,C26 H28 N6 Ni1 O4 S2,2 2 2,P -4 3 n,218,0.5,1.0,1.0,7.99813,2143.1,17.2262,266967
833,7,FISCOC,C2 H3 N1,3 m,P -4 3 n,218,0.831483,0.831483,0.831483,2.0642,36.8409,17.2262,266967
834,8,KOXKOX,C16 Ga4 H36 Se4,-4,P -4 3 n,218,-0.25,-0.5,0.0,5.60096,735.974,17.667,492009
835,9,BUPVIR01,C24 Cr4 H28 S4,-4,P -4 3 n,218,-0.25,-0.5,0.0,5.55801,719.173,16.154,90999
836,10,NAWWAK,C45 H51 Ir1 O3 P5,3,P -4 3 n,218,0.81229,0.81229,0.81229,6.92248,1389.51,21.4631,603282
837,11,NAWWAK,B1 F4,-4 3 m,P -4 3 n,218,0.87942,1.12058,0.87942,1.37102,10.7946,21.4631,603282
838,12,PUSSUR,Ge4 Se10,-4 3 m,P -4 3 n,218,0.0,0.5,0.25,4.59003,405.062,20.028,726181
839,13,PUSSUR,Ge4 Se10,-4 3 m,P -4 3 n,218,0.0,0.0,0.0,4.59289,405.821,20.028,726181
840,14,PUSSUR,C4 H12 N1,3,P -4 3 n,218,0.336465,0.336465,0.336465,2.0906,38.2728,20.028,726181
841,15,PUSSUR,C4 H12 N1,1,P -4 3 n,218,0.152759,0.339276,0.0832471,2.08771,38.1139,20.028,726181
842,16,QOPZOL,C42 Cu4 H33 I1 N24 S6,3,P -4 3 n,218,0.15463,0.84537,0.84537,9.82127,3968.07,22.4646,760008
843,17,GUHNUS,C72 H60 Sn5,2 3,P -4 3 n,218,0.0,0.0,0.0,7.39025,1690.65,15.507,325779
844,18,GUHNUS,C6,2 2 2,P -4 3 n,218,0.0,0.5,0.5,1.35531,10.4278,15.507,325779
845,19,KOXKOX,C16 Ga4 H36 Se4,2 3,P -4 3 n,218,0.0,0.0,0.0,5.72884,787.546,17.667,492009
846,20,SENLAY,C16 H36 P4 Si4,2 3,P -4 3 n,218,1.0,1.0,1.0,5.00804,526.113,17.409,832034
847,21,SENLAY,C16 H36 P4 Si4,-4,P -4 3 n,218,0.25,0.5,0.0,5.44165,674.945,17.409,832034
848,22,TAMCUG01,Cl10 Cu4 O1,-4 3 m,P -4 3 n,218,0.25,0.0,0.5,4.18856,307.801,19.361,868114
849,23,TAMCUG01,Cl10 Cu4 O1,-4 3 m,P -4 3 n,218,0.0,0.0,0.0,4.1616,301.895,19.361,868114
850,24,TAMCUG01,C4 N1,-4 3 m,P -4 3 n,218,0.33646,0.33646,0.33646,1.40701,11.6671,19.361,868114
851,25,TAMCUG01,C4 N1,-4 3 m,P -4 3 n,218,0.85488,0.33928,0.92332,1.511,14.45,19.361,868114
852,26,UDIJEY,C16 F36 O4 Tl4,-4,P -4 3 n,218,0.5,0.75,1.0,5.62418,745.165,18.4447,916601
853,27,UDIJEY,C16 F36 O4 Tl4,2 3,P -4 3 n,218,1.0,1.0,1.0,5.59611,734.067,18.4447,916601
854,28,RUQMEV,C12 Cu4 H36 I4 N4,2 3,P -4 3 n,218,0.5,0.5,0.5,5.39513,657.782,17.976,813634
855,29,QUKVOI,Ag6 Bi3 C108 Cl3 H117 P3 S12,3,P -4 3 n,218,0.302084,0.302084,0.697916,10.3495,4643.34,31.619,769266
856,30,WABLOC,C16 H36 O4 Tl4,2 3,P -4 3 n,218,0.5,0.5,0.5,5.03489,534.62,17.15,993881
857,31,WABLOC,C16 H36 O4 Tl4,-4,P -4 3 n,218,0.75,1.0,0.5,5.06202,543.31,17.15,993881
858,32,YAFTIL02,C16 H36 N1,-4,P -4 3 n,218,0.5,0.25,1.0,5.88773,854.906,18.5044,1083711
859,33,YAFTIL02,C1 Cl9 Si3,3,P -4 3 n,218,0.177968,0.177968,0.822032,3.31496,152.584,18.5044,1083711
860,34,YEBKUL,Ge4 S10,-4 3 m,P -4 3 n,218,0.0,0.0,0.0,4.38259,352.588,19.554,1091807
861,35,YEBKUL,Ge4 S10,-4 3 m,P -4 3 n,218,0.5,0.25,0.0,4.33448,341.103,19.554,1091807
862,36,YEBKUL,C4 H12 N1,-4 3 m,P -4 3 n,218,0.837435,0.162565,0.162565,2.01989,34.5188,19.554,1091807
863,37,YEBKUL,C4 H12 N1,4 3 2,P -4 3 n,218,0.653324,0.420612,0.161635,2.07354,37.3436,19.554,1091807
864,38,RUQMEV,C12 Cu4 H36 I4 N4,-4 2 m,P -4 3 n,218,0.0,0.5,0.25,5.42937,670.383,17.976,813634
865,39,RALJIB,C20 H21 N3 O6,3,P -4 3 n,218,0.370801,0.629199,0.629199,7.65819,1881.29,15.87,1190799
866,40,ZOHQAQ,C28 Cu4 H52 I4 N4,2 3,P -4 3 n,218,1.0,1.0,1.0,7.30898,1635.48,19.7281,1146618
867,41,ZOHQAQ,C28 Cu4 H52 I4 N4,-4,P -4 3 n,218,0.5,0.75,1.0,7.29746,1627.76,19.7281,1146618
868,42,VUBYAV,C40 Ge4 H60 N4,2 3,P -4 3 n,218,0.5,0.5,0.5,6.82792,1333.34,19.535,985720
869,43,CESHAK,C84 Cu24 H120 I10 N72,2 3,P -4 3 n,218,0.0,0.0,1.0,10.303,4581.1,22.4209,112664
870,44,CESHAK,Mo12 O40 P1,-4 3 m,P -4 3 n,218,0.0,0.25,0.5,5.24808,605.448,22.4209,112664
871,45,VUBYAV,C40 Ge4 H60 N4,-4 2 m,P -4 3 n,218,0.0,0.75,0.5,6.82376,1330.91,19.535,985720
872,0,ZISCUC01,Cl4 Fe1,-4 3 m,P m -3 m,221,0.9768,1.0168,1.019,2.0635,36.8033,6.989,1142644
873,1,ZISCUC01,C4 Cl1 H11 N1,m,P m -3 m,221,0.466988,0.521776,0.505382,2.67326,80.0205,6.989,1142644
874,0,EJAKUY04,B12 Cl12,1,P m -3 n,223,0.0,0.0,0.0,3.48885,177.878,10.5198,210384
875,0,XASZIC,C24 H48 Mn1 O6,-3,P n -3,201,0.5,0.0,0.0,5.23418,600.651,14.825,1043678
876,1,XASZIC,F6 P1,m -3 m,P n -3,201,0.75,0.25,0.25,1.59784,17.0873,14.825,1043678
877,2,XASZIC,F6 P1,m -3 m,P n -3,201,0.25,0.25,0.25,1.59013,16.8412,14.825,1043678
878,3,XASZIC01,C24 H48 Mn1 O6,-3,P n -3,201,0.0,0.0,0.0,5.23451,600.763,15.0,1043679
879,4,XASZIC01,F6 P1,m -3 m,P n -3,201,0.25,-0.25,0.25,1.5987,17.115,15.0,1043679
880,5,XASZIC01,F6 P1,m -3 m,P n -3,201,0.25,0.25,0.25,1.5681,16.1509,15.0,1043679
881,6,LULZUO,C54 H120 Li6 N18,-3,P n -3,201,0.0,0.5,0.0,7.50113,1767.89,19.0172,541601
882,7,VEDZOT,As6 C144 H120 P8 Pd9,2 3,P n 3,201,0.25,0.25,0.25,9.02551,3079.58,19.615,960770
883,0,BALZUJ,C12 O16 Re4,-4 3 m,P n 3 m,224,0.25,0.25,0.25,4.64583,420.016,11.343,51456
884,1,BALZUJ,C6,6/m m m,P n 3 m,224,0.5,0.5,0.5,1.36994,10.7691,11.343,51456
885,2,FLOHMN01,C6 H6,6/m m m,P n 3 m,224,0.5,0.5,0.0,2.45202,61.7514,11.2472,270049
886,3,FLOHMN01,C12 H4 Mn4 O16,-4 3 m,P n 3 m,224,0.75,0.75,0.75,4.40539,358.12,11.2472,270049
887,0,EBEMOQ,C38 H44 O6,1,P n 3 n,222,0.947381,0.211373,0.436328,6.73151,1277.65,36.2381,197470
888,1,FIRTOP10,C60 H60 N8 Ni2,4 2 2,P n 3 n,222,0.75,0.25,0.75,8.26809,2367.51,20.841,266820
